set,index,points,current,huffman9,default6,default1,all27,padding,best,payloadBytes,mode,escapes,noCRC_UNSAFE,noHeader_NEW_VERSION,noFrame_UNSAFE,byteWinner,deltaSemanticBytes
full,0,500,994,990,994,994,990,990,L1S2,806,1,0,992,992,990,990,1505
prefix1,0,1,15,15,15,15,15,15,current,9,0,0,12,13,11,15,7
prefix2,0,2,19,19,19,19,19,19,current,13,0,0,17,18,16,19,10
prefix3,0,3,21,21,21,21,21,21,current,14,0,0,18,19,17,21,13
prefix5,0,5,26,26,26,26,26,26,current,18,0,0,23,24,22,26,19
prefix10,0,10,35,35,35,35,35,35,current,26,0,0,33,34,32,35,34
full,1,190,419,419,419,419,419,419,current,338,0,0,416,418,416,419,576
prefix1,1,1,15,15,15,15,15,15,current,10,0,0,13,14,12,15,8
prefix2,1,2,19,19,19,19,19,19,current,13,0,0,17,18,15,19,11
prefix3,1,3,22,22,22,22,22,22,current,15,0,0,19,20,18,22,14
prefix5,1,5,27,27,27,27,27,27,current,19,0,0,24,25,23,27,20
prefix10,1,10,38,38,38,38,38,38,current,28,0,0,35,36,34,38,35
full,2,410,899,899,899,899,899,899,current,728,0,0,897,899,897,899,1235
prefix1,2,1,14,14,14,14,14,14,current,9,0,0,12,13,11,14,7
prefix2,2,2,18,18,18,18,18,18,current,12,0,0,16,17,14,18,10
prefix3,2,3,21,21,21,21,21,21,current,14,0,0,18,19,17,21,13
prefix5,2,5,24,24,24,24,24,24,current,17,0,0,22,23,20,24,19
prefix10,2,10,34,34,34,34,34,34,current,25,0,0,32,33,30,34,34
full,3,149,353,353,353,353,353,353,current,285,0,0,351,354,351,353,452
prefix1,3,1,15,15,15,15,15,15,current,9,0,0,12,13,11,15,7
prefix2,3,2,18,18,18,18,18,18,current,12,0,0,16,17,14,18,10
prefix3,3,3,21,21,21,21,21,21,current,14,0,0,18,19,17,21,13
prefix5,3,5,26,26,26,26,26,26,current,18,0,0,23,24,22,26,19
prefix10,3,10,37,37,37,37,37,37,current,27,0,0,34,35,33,37,34
full,4,514,1159,1159,1159,1159,1159,1159,current,940,0,0,1156,1157,1155,1159,1547
prefix1,4,1,15,15,15,15,15,15,current,9,0,0,12,13,11,15,7
prefix2,4,2,18,18,18,18,18,18,current,12,0,0,16,17,14,18,10
prefix3,4,3,21,21,21,21,21,21,current,14,0,0,18,19,17,21,13
prefix5,4,5,24,24,24,24,24,24,current,17,0,0,22,23,20,24,19
prefix10,4,10,35,35,35,35,35,35,current,26,0,0,33,34,32,35,34
full,5,30,88,88,88,88,88,88,current,69,0,0,86,87,84,88,94
prefix1,5,1,14,14,14,14,14,14,current,9,0,0,12,13,11,14,7
prefix2,5,2,19,19,19,19,19,19,current,13,0,0,17,18,16,19,10
prefix3,5,3,22,22,22,22,22,22,current,15,0,0,19,20,18,22,13
prefix5,5,5,28,28,28,28,28,28,current,20,0,0,25,27,24,28,19
prefix10,5,10,39,39,39,39,39,39,current,29,0,0,36,38,35,39,34
full,6,544,1231,1231,1231,1231,1231,1231,current,998,0,0,1228,1233,1231,1231,1640
prefix1,6,1,14,14,14,14,14,14,current,9,0,0,12,13,11,14,7
prefix2,6,2,18,18,18,18,18,18,current,12,0,0,16,17,14,18,10
prefix3,6,3,22,22,22,22,22,22,current,15,0,0,19,21,18,22,13
prefix5,6,5,26,26,26,26,26,26,current,18,0,0,23,24,22,26,19
prefix10,6,10,34,34,34,34,34,34,current,25,0,0,32,33,30,34,34
full,7,203,438,438,438,438,438,438,current,353,0,0,435,437,434,438,614
prefix1,7,1,14,14,14,14,14,14,current,9,0,0,12,13,11,14,7
prefix2,7,2,18,18,18,18,18,18,current,12,0,0,16,17,14,18,10
prefix3,7,3,21,21,21,21,21,21,current,14,0,0,18,19,17,21,13
prefix5,7,5,24,24,24,24,24,24,current,17,0,0,22,23,21,24,19
prefix10,7,10,33,33,33,33,33,33,current,24,0,0,30,32,29,33,34
full,8,200,440,440,440,440,440,440,current,355,1,0,438,439,436,440,606
prefix1,8,1,15,15,15,15,15,15,current,10,0,0,13,14,12,15,8
prefix2,8,2,19,19,19,19,19,19,current,13,0,0,17,18,15,19,11
prefix3,8,3,20,20,20,20,20,20,current,14,0,0,18,19,17,20,14
prefix5,8,5,27,27,27,27,27,27,current,19,0,0,24,25,23,27,20
prefix10,8,10,38,38,38,38,38,38,current,28,0,0,35,36,34,38,35
full,9,166,313,313,313,313,313,313,current,252,0,0,310,312,310,313,503
prefix1,9,1,14,14,14,14,14,14,current,9,0,0,12,13,11,14,7
prefix2,9,2,19,19,19,19,19,19,current,13,0,0,17,18,16,19,10
prefix3,9,3,21,21,21,21,21,21,current,14,0,0,18,19,17,21,13
prefix5,9,5,23,23,23,23,23,23,current,16,0,0,21,22,19,23,19
prefix10,9,10,32,32,32,32,32,32,current,23,0,0,29,30,28,32,34
full,10,23,76,76,76,76,76,76,current,59,0,0,73,75,72,76,73
prefix1,10,1,14,14,14,14,14,14,current,9,0,0,12,13,11,14,7
prefix2,10,2,19,19,19,19,19,19,current,13,0,0,17,18,16,19,10
prefix3,10,3,22,22,22,22,22,22,current,15,0,0,19,21,18,22,13
prefix5,10,5,28,28,28,28,28,28,current,20,0,0,25,27,24,28,19
prefix10,10,10,41,41,41,41,41,41,current,31,0,0,39,40,38,41,34
full,11,944,2175,2175,2175,2175,2175,2175,current,1763,1,2,2172,2173,2170,2175,2843
prefix1,11,1,14,14,14,14,14,14,current,9,0,0,12,13,11,14,7
prefix2,11,2,19,19,19,19,19,19,current,13,0,0,17,18,16,19,10
prefix3,11,3,22,22,22,22,22,22,current,15,0,0,19,20,18,22,13
prefix5,11,5,26,26,26,26,26,26,current,18,0,0,23,24,22,26,19
prefix10,11,10,37,37,37,37,37,37,current,27,0,0,34,35,33,37,34
full,12,31,102,102,102,102,102,102,current,80,0,0,99,100,98,102,97
prefix1,12,1,15,15,15,15,15,15,current,9,0,0,12,13,11,15,7
prefix2,12,2,19,19,19,19,19,19,current,13,0,0,17,18,16,19,10
prefix3,12,3,21,21,21,21,21,21,current,14,0,0,18,19,17,21,13
prefix5,12,5,25,25,25,25,25,25,current,18,0,0,23,24,22,25,19
prefix10,12,10,39,39,39,39,39,39,current,29,0,0,36,38,35,39,34
full,13,45,127,127,127,127,127,127,current,101,0,0,125,126,124,127,142
prefix1,13,1,15,15,15,15,15,15,current,9,0,0,12,13,11,15,7
prefix2,13,2,18,18,18,18,18,18,current,12,0,0,16,17,14,18,10
prefix3,13,3,21,21,21,21,21,21,current,14,0,0,18,19,17,21,13
prefix5,13,5,26,26,26,26,26,26,current,18,0,0,23,24,22,26,19
prefix10,13,10,37,37,37,37,37,37,current,27,0,0,34,35,33,37,34
full,14,22,69,69,69,69,69,69,current,53,0,0,66,67,65,69,71
prefix1,14,1,14,14,14,14,14,14,current,9,0,0,12,13,11,14,7
prefix2,14,2,19,19,19,19,19,19,current,13,0,0,17,18,16,19,10
prefix3,14,3,21,21,21,21,21,21,current,14,0,0,18,19,17,21,13
prefix5,14,5,26,26,26,26,26,26,current,18,0,0,23,24,22,26,19
prefix10,14,10,40,40,40,40,40,40,current,30,0,0,38,39,36,40,35
full,15,39,107,107,107,107,107,107,current,84,0,0,104,106,103,107,121
prefix1,15,1,14,14,14,14,14,14,current,9,0,0,12,13,11,14,7
prefix2,15,2,19,19,19,19,19,19,current,13,0,0,17,18,16,19,10
prefix3,15,3,22,22,22,22,22,22,current,15,0,0,19,21,18,22,13
prefix5,15,5,28,28,28,28,28,28,current,19,0,1,25,26,23,28,19
prefix10,15,10,39,39,39,39,39,39,current,29,0,0,37,38,35,39,34
full,16,32,95,95,95,95,95,95,current,75,0,0,93,94,92,95,103
prefix1,16,1,14,14,14,14,14,14,current,9,0,0,12,13,11,14,7
prefix2,16,2,18,18,18,18,18,18,current,12,0,0,16,17,14,18,10
prefix3,16,3,22,22,22,22,22,22,current,15,0,0,19,21,18,22,13
prefix5,16,5,26,26,26,26,26,26,current,18,0,0,23,24,22,26,19
prefix10,16,10,38,38,38,38,38,38,current,28,0,0,35,37,34,38,34
full,17,404,717,717,717,717,717,717,current,579,0,2,715,714,711,717,1218
prefix1,17,1,15,15,15,15,15,15,current,9,0,0,12,13,11,15,7
prefix2,17,2,19,19,19,19,19,19,current,13,0,0,17,18,16,19,10
prefix3,17,3,21,21,21,21,21,21,current,14,0,0,18,19,17,21,13
prefix5,17,5,24,24,24,24,24,24,current,17,0,0,22,23,21,24,19
prefix10,17,10,33,33,33,33,33,33,current,24,0,0,30,32,29,33,34
full,18,25,72,72,72,72,72,72,current,56,0,0,70,71,68,72,79
prefix1,18,1,14,14,14,14,14,14,current,9,0,0,12,13,11,14,7
prefix2,18,2,19,19,19,19,19,19,current,13,0,0,17,18,16,19,10
prefix3,18,3,19,19,19,19,19,19,current,13,0,0,17,18,16,19,13
prefix5,18,5,24,24,24,24,24,24,current,17,0,0,22,23,21,24,19
prefix10,18,10,35,35,35,35,35,35,current,26,0,0,33,34,32,35,34
full,19,19,77,77,77,77,77,77,current,60,0,0,75,76,74,77,73
prefix1,19,1,14,14,14,14,14,14,current,9,0,0,12,13,11,14,7
prefix2,19,2,19,19,19,19,19,19,current,13,0,0,17,18,16,19,10
prefix3,19,3,22,22,22,22,22,22,current,15,0,0,19,21,18,22,13
prefix5,19,5,27,27,27,27,27,27,current,19,0,0,24,26,23,27,19
prefix10,19,10,48,48,48,48,48,48,current,36,0,0,45,47,45,48,41
full,20,28,69,69,69,69,69,69,current,53,0,0,66,67,65,69,88
prefix1,20,1,15,15,15,15,15,15,current,9,0,1,12,13,11,15,7
prefix2,20,2,19,19,19,19,19,19,current,13,0,0,17,18,16,19,10
prefix3,20,3,21,21,21,21,21,21,current,14,0,0,18,19,17,21,13
prefix5,20,5,26,26,26,26,26,26,current,18,0,0,23,24,22,26,19
prefix10,20,10,35,35,35,35,35,35,current,26,0,0,33,34,32,35,34
full,21,21,54,54,54,54,54,54,current,41,0,0,51,52,50,54,67
prefix1,21,1,14,14,14,14,14,14,current,9,0,0,12,13,12,14,7
prefix2,21,2,19,19,19,19,19,19,current,13,0,0,17,18,16,19,10
prefix3,21,3,22,22,22,22,22,22,current,15,0,0,19,20,18,22,13
prefix5,21,5,26,26,26,26,26,26,current,18,0,0,23,24,22,26,19
prefix10,21,10,34,34,34,34,34,34,current,25,0,0,32,33,30,34,34
full,22,16,58,58,58,58,58,58,current,44,0,0,55,56,54,58,53
prefix1,22,1,15,15,15,15,15,15,current,9,0,0,12,13,11,15,7
prefix2,22,2,19,19,19,19,19,19,current,13,0,0,17,18,16,19,10
prefix3,22,3,22,22,22,22,22,22,current,15,0,0,19,20,18,22,13
prefix5,22,5,27,27,27,27,27,27,current,19,0,0,24,25,23,27,19
prefix10,22,10,39,39,39,39,39,39,current,29,0,0,37,38,35,39,34
full,23,17,59,59,59,59,59,59,current,45,0,0,56,57,55,59,55
prefix1,23,1,14,14,14,14,14,14,current,9,0,0,12,13,11,14,7
prefix2,23,2,19,19,19,19,19,19,current,13,0,0,17,18,16,19,10
prefix3,23,3,23,23,23,23,23,23,current,16,0,0,21,22,19,23,13
prefix5,23,5,29,29,29,29,29,29,current,21,0,0,27,28,25,29,19
prefix10,23,10,43,43,43,43,43,43,current,32,0,0,40,41,39,43,34
full,24,25,72,72,72,72,72,72,current,56,0,0,70,71,68,72,79
prefix1,24,1,14,14,14,14,14,14,current,9,0,0,12,13,11,14,7
prefix2,24,2,18,18,18,18,18,18,current,12,0,0,16,17,14,18,10
prefix3,24,3,21,21,21,21,21,21,current,14,0,0,18,19,17,21,13
prefix5,24,5,26,26,26,26,26,26,current,18,0,0,23,24,22,26,19
prefix10,24,10,36,36,36,36,36,36,current,27,0,0,34,35,33,36,34
full,25,3,21,21,21,21,21,21,current,14,0,0,18,19,17,21,13
prefix1,25,1,14,14,14,14,14,14,current,9,0,0,12,13,10,14,7
prefix2,25,2,18,18,18,18,18,18,current,12,0,0,16,17,14,18,10
prefix3,25,3,21,21,21,21,21,21,current,14,0,0,18,19,17,21,13
full,26,15,39,39,39,39,39,39,current,29,0,0,36,38,35,39,49
prefix1,26,1,14,14,14,14,14,14,current,9,0,0,12,13,11,14,7
prefix2,26,2,18,18,18,18,18,18,current,12,0,0,16,17,14,18,10
prefix3,26,3,19,19,19,19,19,19,current,13,0,0,17,18,16,19,13
prefix5,26,5,22,22,22,22,22,22,current,15,0,0,19,21,18,22,19
prefix10,26,10,30,30,30,30,30,30,current,22,0,0,28,29,27,30,34
full,27,13,50,50,50,50,50,50,current,38,0,0,47,49,46,50,44
prefix1,27,1,16,16,16,16,16,16,current,10,0,0,13,14,12,16,8
prefix2,27,2,19,19,19,19,19,19,current,13,0,0,17,18,16,19,11
prefix3,27,3,22,22,22,22,22,22,current,15,0,0,19,21,18,22,14
prefix5,27,5,28,28,28,28,28,28,current,20,0,0,25,27,24,28,20
prefix10,27,10,40,40,40,40,40,40,current,30,0,0,38,39,37,40,35
full,28,41,104,104,104,104,104,104,current,82,0,0,102,103,100,104,127
prefix1,28,1,14,14,14,14,14,14,current,9,0,0,12,13,11,14,7
prefix2,28,2,18,18,18,18,18,18,current,12,0,0,16,17,14,18,10
prefix3,28,3,19,19,19,19,19,19,current,13,0,0,17,18,16,19,13
prefix5,28,5,26,26,26,26,26,26,current,18,0,0,23,24,22,26,19
prefix10,28,10,38,38,38,38,38,38,current,28,0,0,35,37,34,38,34
full,29,25,90,90,90,90,90,90,current,70,0,0,87,88,86,90,80
prefix1,29,1,14,14,14,14,14,14,current,9,0,0,12,13,11,14,7
prefix2,29,2,19,19,19,19,19,19,current,13,0,0,17,18,16,19,10
prefix3,29,3,23,23,23,23,23,23,current,16,0,0,21,22,19,23,13
prefix5,29,5,28,28,28,28,28,28,current,20,0,0,26,27,24,28,19
prefix10,29,10,44,44,44,44,44,44,current,33,0,0,42,43,40,44,34
full,30,49,132,132,132,132,132,132,current,105,0,0,130,131,128,132,151
prefix1,30,1,14,14,14,14,14,14,current,9,0,0,12,13,11,14,7
prefix2,30,2,19,19,19,19,19,19,current,13,0,0,17,18,16,19,10
prefix3,30,3,23,23,23,23,23,23,current,16,0,0,21,22,19,23,13
prefix5,30,5,28,28,28,28,28,28,current,20,0,0,25,27,24,28,19
prefix10,30,10,38,38,38,38,38,38,current,28,0,0,35,36,34,38,34
full,31,53,144,144,144,144,144,144,current,114,0,0,141,142,140,144,163
prefix1,31,1,14,14,14,14,14,14,current,9,0,0,12,13,11,14,7
prefix2,31,2,19,19,19,19,19,19,current,13,0,0,17,18,16,19,10
prefix3,31,3,23,23,23,23,23,23,current,16,0,0,21,22,19,23,13
prefix5,31,5,27,27,27,27,27,27,current,19,0,0,24,25,23,27,19
prefix10,31,10,38,38,38,38,38,38,current,28,0,0,35,36,34,38,34
full,32,53,144,144,144,144,144,144,current,114,0,0,141,142,140,144,163
prefix1,32,1,14,14,14,14,14,14,current,9,0,0,12,13,11,14,7
prefix2,32,2,19,19,19,19,19,19,current,13,0,0,17,18,16,19,10
prefix3,32,3,23,23,23,23,23,23,current,16,0,0,21,22,19,23,13
prefix5,32,5,27,27,27,27,27,27,current,19,0,0,24,25,23,27,19
prefix10,32,10,39,39,39,39,39,39,current,29,0,0,37,38,35,39,34
full,33,29,68,68,68,68,68,68,current,53,0,0,66,67,65,68,91
prefix1,33,1,14,14,14,14,14,14,current,9,0,0,12,13,11,14,7
prefix2,33,2,19,19,19,19,19,19,current,13,0,0,17,18,15,19,10
prefix3,33,3,21,21,21,21,21,21,current,14,0,0,18,19,17,21,13
prefix5,33,5,24,24,24,24,24,24,current,17,0,0,22,23,20,24,19
prefix10,33,10,34,34,34,34,34,34,current,25,0,0,32,33,30,34,34
full,34,19,56,56,56,56,56,56,current,43,0,0,54,55,53,56,61
prefix1,34,1,14,14,14,14,14,14,current,9,0,0,12,13,11,14,7
prefix2,34,2,19,19,19,19,19,19,current,13,0,0,17,18,16,19,10
prefix3,34,3,21,21,21,21,21,21,current,14,0,0,18,19,17,21,13
prefix5,34,5,26,26,26,26,26,26,current,18,0,0,23,24,22,26,19
prefix10,34,10,38,38,38,38,38,38,current,28,0,0,35,37,34,38,34
full,35,19,56,56,56,56,56,56,current,43,0,0,54,55,53,56,61
prefix1,35,1,14,14,14,14,14,14,current,9,0,0,12,13,11,14,7
prefix2,35,2,19,19,19,19,19,19,current,13,0,0,17,18,16,19,10
prefix3,35,3,21,21,21,21,21,21,current,14,0,0,18,19,17,21,13
prefix5,35,5,26,26,26,26,26,26,current,18,0,0,23,24,22,26,19
prefix10,35,10,38,38,38,38,38,38,current,28,0,0,35,37,34,38,34
full,36,19,64,64,64,64,64,64,current,49,0,0,61,62,60,64,61
prefix1,36,1,14,14,14,14,14,14,current,9,0,0,12,13,11,14,7
prefix2,36,2,19,19,19,19,19,19,current,13,0,0,17,18,16,19,10
prefix3,36,3,22,22,22,22,22,22,current,15,0,0,19,21,18,22,13
prefix5,36,5,27,27,27,27,27,27,current,19,0,0,24,26,23,27,19
prefix10,36,10,40,40,40,40,40,40,current,30,0,0,38,40,38,40,34
full,37,22,70,70,70,70,70,70,current,54,0,0,67,69,66,70,70
prefix1,37,1,14,14,14,14,14,14,current,9,0,0,12,13,11,14,7
prefix2,37,2,19,19,19,19,19,19,current,13,0,0,17,18,16,19,10
prefix3,37,3,22,22,22,22,22,22,current,15,0,0,19,21,18,22,13
prefix5,37,5,27,27,27,27,27,27,current,19,0,0,24,26,23,27,19
prefix10,37,10,40,40,40,40,40,40,current,30,0,0,38,39,37,40,34
full,38,15,53,53,53,53,53,53,current,40,0,0,50,51,49,53,49
prefix1,38,1,14,14,14,14,14,14,current,9,0,0,12,13,11,14,7
prefix2,38,2,19,19,19,19,19,19,current,13,0,0,17,18,16,19,10
prefix3,38,3,22,22,22,22,22,22,current,15,0,0,19,21,18,22,13
prefix5,38,5,28,28,28,28,28,28,current,20,0,0,26,27,24,28,19
prefix10,38,10,40,40,40,40,40,40,current,30,0,0,38,39,36,40,34
full,39,17,59,59,59,59,59,59,current,45,0,0,56,57,55,59,55
prefix1,39,1,14,14,14,14,14,14,current,9,0,0,12,13,11,14,7
prefix2,39,2,19,19,19,19,19,19,current,13,0,0,17,18,16,19,10
prefix3,39,3,22,22,22,22,22,22,current,15,0,0,19,21,18,22,13
prefix5,39,5,28,28,28,28,28,28,current,20,0,0,26,27,24,28,19
prefix10,39,10,40,40,40,40,40,40,current,30,0,0,38,39,36,40,34
full,40,26,86,86,86,86,86,86,current,67,0,0,83,85,82,86,82
prefix1,40,1,14,14,14,14,14,14,current,9,0,0,12,13,11,14,7
prefix2,40,2,19,19,19,19,19,19,current,13,0,0,17,18,16,19,10
prefix3,40,3,21,21,21,21,21,21,current,14,0,0,18,19,17,21,13
prefix5,40,5,26,26,26,26,26,26,current,18,0,0,23,24,22,26,19
prefix10,40,10,40,40,40,40,40,40,current,30,0,0,38,39,37,40,34
full,41,10,33,33,33,33,33,33,current,24,0,0,31,31,29,33,34
prefix1,41,1,15,15,15,15,15,15,current,9,0,0,12,13,10,15,7
prefix2,41,2,18,18,18,18,18,18,current,12,0,0,16,17,14,18,10
prefix3,41,3,21,21,21,21,21,21,current,14,0,0,18,19,17,21,13
prefix5,41,5,25,25,25,25,25,25,current,18,0,0,23,24,21,25,19
prefix10,41,10,33,33,33,33,33,33,current,24,0,0,31,31,29,33,34
full,42,8,28,28,28,28,28,28,current,20,0,0,25,27,24,28,28
prefix1,42,1,14,14,14,14,14,14,current,9,0,0,12,13,11,14,7
prefix2,42,2,19,19,19,19,19,19,current,13,0,0,17,18,16,19,10
prefix3,42,3,19,19,19,19,19,19,current,13,0,0,17,18,16,19,13
prefix5,42,5,23,23,23,23,23,23,current,16,0,0,20,22,19,23,19
full,43,6,25,25,25,25,25,25,current,18,0,0,23,24,22,25,22
prefix1,43,1,14,14,14,14,14,14,current,9,0,0,12,13,10,14,7
prefix2,43,2,19,19,19,19,19,19,current,13,0,0,17,18,15,19,10
prefix3,43,3,20,20,20,20,20,20,current,14,0,0,18,19,17,20,13
prefix5,43,5,24,24,24,24,24,24,current,17,0,0,22,23,20,24,19
full,44,29,48,48,48,48,48,48,current,36,0,0,45,46,44,48,93
prefix1,44,1,15,15,15,15,15,15,current,9,0,0,12,13,11,15,7
prefix2,44,2,18,18,18,18,18,18,current,12,0,0,16,17,14,18,10
prefix3,44,3,19,19,19,19,19,19,current,13,0,0,17,18,16,19,13
prefix5,44,5,22,22,22,22,22,22,current,15,0,0,19,21,18,22,19
prefix10,44,10,26,26,26,26,26,26,current,18,0,0,23,24,22,26,34
full,45,83,88,88,88,88,88,88,current,69,0,0,85,86,84,88,253
prefix1,45,1,14,14,14,14,14,14,current,9,0,0,12,13,11,14,7
prefix2,45,2,19,19,19,19,19,19,current,13,0,0,17,18,16,19,10
prefix3,45,3,19,19,19,19,19,19,current,13,0,0,17,18,16,19,13
prefix5,45,5,21,21,21,21,21,21,current,14,0,0,18,19,17,21,19
prefix10,45,10,23,23,23,23,23,23,current,16,0,0,21,22,19,23,34
full,46,163,131,131,131,131,131,131,current,104,0,0,128,129,127,131,494
prefix1,46,1,14,14,14,14,14,14,current,9,0,0,12,13,11,14,7
prefix2,46,2,19,19,19,19,19,19,current,13,0,0,17,18,16,19,10
prefix3,46,3,19,19,19,19,19,19,current,13,0,0,17,18,16,19,13
prefix5,46,5,21,21,21,21,21,21,current,14,0,0,18,19,17,21,19
prefix10,46,10,23,23,23,23,23,23,current,16,0,0,21,22,19,23,34
full,47,31,121,121,121,121,121,121,current,96,0,0,119,120,117,121,121
prefix1,47,1,16,16,16,16,16,16,current,10,0,0,13,14,12,16,8
prefix2,47,2,22,22,22,22,22,22,current,15,0,0,19,20,18,22,12
prefix3,47,3,26,26,26,26,26,26,current,18,0,0,23,24,22,26,16
prefix5,47,5,32,32,32,32,32,32,current,23,0,0,29,30,28,32,24
prefix10,47,10,50,50,50,50,50,50,current,38,0,0,48,49,46,50,45
full,48,21,82,82,82,82,82,82,current,64,0,0,79,81,78,82,83
prefix1,48,1,14,14,14,14,14,14,current,9,0,0,12,13,11,14,7
prefix2,48,2,19,19,19,19,19,19,current,13,0,0,17,18,16,19,11
prefix3,48,3,22,22,22,22,22,22,current,15,0,0,19,21,18,22,14
prefix5,48,5,29,29,29,29,29,29,current,21,0,0,27,28,26,29,21
prefix10,48,10,47,47,47,47,47,47,current,35,0,0,44,45,43,47,40
full,49,16,57,57,57,57,57,57,current,44,0,0,55,56,54,57,53
prefix1,49,1,16,16,16,16,16,16,current,10,0,0,13,15,12,16,8
prefix2,49,2,19,19,19,19,19,19,current,13,0,0,17,18,16,19,11
prefix3,49,3,22,22,22,22,22,22,current,15,0,0,19,21,18,22,14
prefix5,49,5,27,27,27,27,27,27,current,19,0,0,24,26,23,27,20
prefix10,49,10,42,42,42,42,42,42,current,31,0,0,39,40,38,42,35
full,50,212,525,525,525,525,525,525,current,425,0,0,523,525,522,525,642
prefix1,50,1,16,16,16,16,16,16,current,10,0,0,13,14,12,16,8
prefix2,50,2,21,21,21,21,21,21,current,14,0,0,18,19,17,21,11
prefix3,50,3,22,22,22,22,22,22,current,15,0,0,19,20,18,22,14
prefix5,50,5,28,28,28,28,28,28,current,20,0,0,26,26,24,28,20
prefix10,50,10,40,40,40,40,40,40,current,30,0,0,38,39,36,40,35
full,51,5,27,27,27,27,27,27,current,19,0,0,24,25,23,27,20
prefix1,51,1,16,16,16,16,16,16,current,10,0,0,13,14,12,16,8
prefix2,51,2,18,18,18,18,18,18,current,12,0,0,16,17,14,18,11
prefix3,51,3,22,22,22,22,22,22,current,15,0,0,19,20,18,22,14
prefix5,51,5,27,27,27,27,27,27,current,19,0,0,24,25,23,27,20
full,52,21,67,67,67,67,67,67,current,52,0,0,65,66,64,67,67
prefix1,52,1,14,14,14,14,14,14,current,9,0,0,12,13,11,14,7
prefix2,52,2,19,19,19,19,19,19,current,13,0,0,17,18,16,19,10
prefix3,52,3,23,23,23,23,23,23,current,16,0,0,21,22,19,23,13
prefix5,52,5,27,27,27,27,27,27,current,19,0,0,24,26,23,27,19
prefix10,52,10,39,39,39,39,39,39,current,29,0,0,36,38,35,39,34
full,53,30,75,75,75,75,75,75,current,58,0,0,72,74,71,75,95
prefix1,53,1,16,16,16,16,16,16,current,10,0,0,13,14,12,16,8
prefix2,53,2,19,19,19,19,19,19,current,13,0,0,17,18,16,19,11
prefix3,53,3,22,22,22,22,22,22,current,15,0,0,19,21,18,22,14
prefix5,53,5,24,24,24,24,24,24,current,17,0,0,22,23,21,24,20
prefix10,53,10,33,33,33,33,33,33,current,24,0,0,30,32,29,33,35
full,54,24,60,60,60,60,60,60,current,46,0,0,57,59,56,60,76
prefix1,54,1,14,14,14,14,14,14,current,9,0,0,12,13,11,14,7
prefix2,54,2,19,19,19,19,19,19,current,13,0,0,17,18,16,19,10
prefix3,54,3,21,21,21,21,21,21,current,14,0,0,18,19,17,21,13
prefix5,54,5,25,25,25,25,25,25,current,18,0,0,23,24,22,25,19
prefix10,54,10,33,33,33,33,33,33,current,24,0,0,30,32,29,33,34
full,55,26,76,76,76,76,76,76,current,59,0,0,73,75,72,76,87
prefix1,55,1,15,15,15,15,15,15,current,9,0,0,12,13,11,15,7
prefix2,55,2,19,19,19,19,19,19,current,13,0,0,17,18,16,19,10
prefix3,55,3,22,22,22,22,22,22,current,15,0,0,19,20,18,22,13
prefix5,55,5,27,27,27,27,27,27,current,19,0,0,24,25,23,27,19
prefix10,55,10,39,39,39,39,39,39,current,29,0,0,37,38,35,39,37
full,56,30,87,87,87,87,87,87,current,68,0,0,85,85,83,87,94
prefix1,56,1,14,14,14,14,14,14,current,9,0,0,12,13,11,14,7
prefix2,56,2,18,18,18,18,18,18,current,12,0,0,16,17,14,18,10
prefix3,56,3,22,22,22,22,22,22,current,15,0,0,19,20,18,22,13
prefix5,56,5,27,27,27,27,27,27,current,19,0,0,24,25,23,27,19
prefix10,56,10,39,39,39,39,39,39,current,29,0,0,37,38,35,39,34
full,57,4,23,23,23,23,23,23,current,16,0,0,21,22,19,23,16
prefix1,57,1,14,14,14,14,14,14,current,9,0,0,12,13,11,14,7
prefix2,57,2,19,19,19,19,19,19,current,13,0,0,17,18,15,19,10
prefix3,57,3,22,22,22,22,22,22,current,15,0,0,19,20,18,22,13
full,58,1728,3721,3721,3721,3721,3721,3721,current,3030,0,0,3718,3721,3718,3721,5205
prefix1,58,1,14,14,14,14,14,14,current,9,0,0,12,13,11,14,7
prefix2,58,2,18,18,18,18,18,18,current,12,0,0,16,17,14,18,10
prefix3,58,3,21,21,21,21,21,21,current,14,0,0,18,19,17,21,13
prefix5,58,5,24,24,24,24,24,24,current,17,0,0,22,23,21,24,19
prefix10,58,10,35,35,35,35,35,35,current,26,0,0,33,34,32,35,34
full,59,39,116,116,116,116,116,116,current,92,0,0,114,115,113,116,123
prefix1,59,1,14,14,14,14,14,14,current,9,0,0,12,13,11,14,7
prefix2,59,2,19,19,19,19,19,19,current,13,0,0,17,18,16,19,10
prefix3,59,3,23,23,23,23,23,23,current,16,0,0,21,22,19,23,13
prefix5,59,5,27,27,27,27,27,27,current,19,0,0,24,26,23,27,19
prefix10,59,10,39,39,39,39,39,39,current,29,0,0,37,38,35,39,34
full,60,756,1751,1751,1751,1751,1751,1751,current,1423,0,0,1749,1752,1749,1751,2297
prefix1,60,1,14,14,14,14,14,14,current,9,0,0,12,13,11,14,7
prefix2,60,2,18,18,18,18,18,18,current,12,0,0,16,17,14,18,10
prefix3,60,3,22,22,22,22,22,22,current,15,0,0,19,21,18,22,13
prefix5,60,5,26,26,26,26,26,26,current,18,0,0,23,24,22,26,19
prefix10,60,10,34,34,34,34,34,34,current,25,0,0,32,33,30,34,34
full,61,33,88,88,88,88,88,88,current,69,0,0,86,87,84,88,103
prefix1,61,1,14,14,14,14,14,14,current,9,0,0,12,13,11,14,7
prefix2,61,2,19,19,19,19,19,19,current,13,0,0,17,18,15,19,10
prefix3,61,3,21,21,21,21,21,21,current,14,0,0,18,19,17,21,13
prefix5,61,5,26,26,26,26,26,26,current,18,0,0,23,24,22,26,19
prefix10,61,10,35,35,35,35,35,35,current,26,0,0,33,34,32,35,34
full,62,36,81,81,81,81,81,81,current,63,0,0,78,79,77,81,112
prefix1,62,1,14,14,14,14,14,14,current,9,0,0,12,13,11,14,7
prefix2,62,2,19,19,19,19,19,19,current,13,0,0,17,18,16,19,10
prefix3,62,3,21,21,21,21,21,21,current,14,0,0,18,19,17,21,13
prefix5,62,5,24,24,24,24,24,24,current,17,0,0,22,23,20,24,19
prefix10,62,10,33,33,33,33,33,33,current,24,0,0,30,32,29,33,34
full,63,35,78,78,78,78,78,78,current,60,0,1,76,76,73,78,109
prefix1,63,1,14,14,14,14,14,14,current,9,0,0,12,13,11,14,7
prefix2,63,2,19,19,19,19,19,19,current,13,0,0,17,18,16,19,10
prefix3,63,3,21,21,21,21,21,21,current,14,0,0,18,19,17,21,13
prefix5,63,5,24,24,24,24,24,24,current,17,0,0,22,23,20,24,19
prefix10,63,10,34,34,34,34,34,34,current,25,0,0,32,33,30,34,34
full,64,26,77,77,77,77,77,77,current,60,0,0,75,75,73,77,82
prefix1,64,1,14,14,14,14,14,14,current,9,0,0,12,13,11,14,7
prefix2,64,2,19,19,19,19,19,19,current,13,0,0,17,18,15,19,10
prefix3,64,3,21,21,21,21,21,21,current,14,0,0,18,19,17,21,13
prefix5,64,5,23,23,23,23,23,23,current,16,0,0,21,22,19,23,19
prefix10,64,10,38,38,38,38,38,38,current,28,0,0,35,36,34,38,34
full,65,20,49,49,49,49,49,49,current,37,0,0,46,48,45,49,64
prefix1,65,1,14,14,14,14,14,14,current,9,0,0,12,13,11,14,7
prefix2,65,2,18,18,18,18,18,18,current,12,0,0,16,17,14,18,10
prefix3,65,3,19,19,19,19,19,19,current,13,0,0,17,18,16,19,13
prefix5,65,5,22,22,22,22,22,22,current,15,0,0,19,21,18,22,19
prefix10,65,10,33,33,33,33,33,33,current,24,0,0,30,32,29,33,34
full,66,29,70,70,70,70,70,70,current,54,0,0,67,69,66,70,91
prefix1,66,1,14,14,14,14,14,14,current,9,0,0,12,13,11,14,7
prefix2,66,2,19,19,19,19,19,19,current,13,0,0,17,18,16,19,10
prefix3,66,3,21,21,21,21,21,21,current,14,0,0,18,19,17,21,13
prefix5,66,5,24,24,24,24,24,24,current,17,0,0,22,23,21,24,19
prefix10,66,10,35,35,35,35,35,35,current,26,0,0,33,34,32,35,34
full,67,21,65,65,65,65,65,65,current,50,0,0,62,63,61,65,68
prefix1,67,1,16,16,16,16,16,16,current,10,0,0,13,14,12,16,8
prefix2,67,2,21,21,21,21,21,21,current,14,0,0,18,19,17,21,11
prefix3,67,3,22,22,22,22,22,22,current,15,0,0,19,21,18,22,14
prefix5,67,5,26,26,26,26,26,26,current,18,0,0,23,24,22,26,20
prefix10,67,10,37,37,37,37,37,37,current,27,0,0,34,35,33,37,35
full,68,8,40,40,40,40,40,40,current,30,0,0,38,39,37,40,30
prefix1,68,1,14,14,14,14,14,14,current,9,0,0,12,13,11,14,7
prefix2,68,2,20,20,20,20,20,20,current,14,1,0,18,19,17,20,10
prefix3,68,3,24,24,24,24,24,24,current,17,0,0,22,23,21,24,14
prefix5,68,5,31,31,31,31,31,31,current,22,0,0,28,29,27,31,21
full,69,6,29,29,29,29,29,29,current,21,0,0,27,28,25,29,23
prefix1,69,1,16,16,16,16,16,16,current,10,0,0,13,14,12,16,8
prefix2,69,2,21,21,21,21,21,21,current,14,0,0,18,19,17,21,11
prefix3,69,3,23,23,23,23,23,23,current,16,0,0,21,21,19,23,14
prefix5,69,5,27,27,27,27,27,27,current,19,0,0,24,25,23,27,20
full,70,29,92,92,92,92,92,92,current,72,0,0,89,90,88,92,91
prefix1,70,1,15,15,15,15,15,15,current,9,0,0,12,13,10,15,7
prefix2,70,2,19,19,19,19,19,19,current,13,0,0,17,18,15,19,10
prefix3,70,3,22,22,22,22,22,22,current,15,0,0,19,20,18,22,13
prefix5,70,5,27,27,27,27,27,27,current,19,0,0,24,25,23,27,19
prefix10,70,10,39,39,39,39,39,39,current,29,0,0,37,38,35,39,34
full,71,45,145,145,145,145,145,145,current,115,0,0,142,143,141,145,146
prefix1,71,1,14,14,14,14,14,14,current,9,0,0,12,13,11,14,7
prefix2,71,2,21,21,21,21,21,21,current,14,0,0,18,19,17,21,10
prefix3,71,3,23,23,23,23,23,23,current,16,0,0,21,22,19,23,13
prefix5,71,5,28,28,28,28,28,28,current,20,0,0,26,27,24,28,19
prefix10,71,10,40,40,40,40,40,40,current,30,0,0,38,39,36,40,34
full,72,28,69,69,69,69,69,69,current,53,0,0,66,67,65,69,88
prefix1,72,1,15,15,15,15,15,15,current,9,0,0,12,13,11,15,7
prefix2,72,2,19,19,19,19,19,19,current,13,0,0,17,18,16,19,10
prefix3,72,3,21,21,21,21,21,21,current,14,0,0,18,19,17,21,13
prefix5,72,5,24,24,24,24,24,24,current,17,0,0,22,23,20,24,19
prefix10,72,10,34,34,34,34,34,34,current,25,0,0,32,33,30,34,34
full,73,27,104,104,104,104,104,104,current,82,0,0,102,103,101,104,99
prefix1,73,1,15,15,15,15,15,15,current,9,0,0,12,13,11,15,7
prefix2,73,2,21,21,21,21,21,21,current,14,0,0,18,19,17,21,11
prefix3,73,3,24,24,24,24,24,24,current,17,0,0,22,23,21,24,15
prefix5,73,5,30,30,30,30,30,30,current,22,0,0,28,29,27,30,22
prefix10,73,10,48,48,48,48,48,48,current,36,0,0,45,47,44,48,41
full,74,22,67,67,67,67,67,67,current,52,0,0,65,66,64,67,70
prefix1,74,1,15,15,15,15,15,15,current,9,0,0,12,13,11,15,7
prefix2,74,2,18,18,18,18,18,18,current,12,0,0,16,17,14,18,10
prefix3,74,3,21,21,21,21,21,21,current,14,0,0,18,19,17,21,13
prefix5,74,5,24,24,24,24,24,24,current,17,0,0,22,23,21,24,19
prefix10,74,10,35,35,35,35,35,35,current,26,0,0,33,34,32,35,34
full,75,33,82,82,82,82,82,82,current,64,0,0,80,81,78,82,103
prefix1,75,1,15,15,15,15,15,15,current,9,0,0,12,13,11,15,7
prefix2,75,2,19,19,19,19,19,19,current,13,0,0,17,18,16,19,10
prefix3,75,3,21,21,21,21,21,21,current,14,0,0,18,19,17,21,13
prefix5,75,5,24,24,24,24,24,24,current,17,0,0,22,23,21,24,19
prefix10,75,10,33,33,33,33,33,33,current,24,0,0,30,32,29,33,34
full,76,9,34,34,34,34,34,34,current,25,0,0,32,33,30,34,32
prefix1,76,1,16,16,16,16,16,16,current,10,0,0,13,14,12,16,8
prefix2,76,2,19,19,19,19,19,19,current,13,0,0,17,18,15,19,11
prefix3,76,3,22,22,22,22,22,22,current,15,0,0,19,20,18,22,14
prefix5,76,5,25,25,25,25,25,25,current,18,0,0,23,24,21,25,20
full,77,3,22,22,22,22,22,22,current,15,0,0,19,20,18,22,13
prefix1,77,1,14,14,14,14,14,14,current,9,0,0,12,13,10,14,7
prefix2,77,2,19,19,19,19,19,19,current,13,0,0,17,18,15,19,10
prefix3,77,3,22,22,22,22,22,22,current,15,0,0,19,20,18,22,13
full,78,5,27,27,27,27,27,27,current,19,0,0,24,25,23,27,19
prefix1,78,1,14,14,14,14,14,14,current,9,0,0,12,13,10,14,7
prefix2,78,2,19,19,19,19,19,19,current,13,0,0,17,18,15,19,10
prefix3,78,3,22,22,22,22,22,22,current,15,0,0,19,20,18,22,13
prefix5,78,5,27,27,27,27,27,27,current,19,0,0,24,25,23,27,19
full,79,29,91,91,91,91,91,91,current,71,0,0,88,89,86,91,91
prefix1,79,1,14,14,14,14,14,14,current,9,0,0,12,13,10,14,7
prefix2,79,2,19,19,19,19,19,19,current,13,0,0,17,18,15,19,10
prefix3,79,3,22,22,22,22,22,22,current,15,0,0,19,20,18,22,13
prefix5,79,5,25,25,25,25,25,25,current,18,0,0,23,24,21,25,19
prefix10,79,10,40,40,40,40,40,40,current,30,0,0,38,39,36,40,34
full,80,4,24,24,24,24,24,24,current,17,0,0,22,23,21,24,16
prefix1,80,1,15,15,15,15,15,15,current,9,0,0,12,13,11,15,7
prefix2,80,2,19,19,19,19,19,19,current,13,0,0,17,18,16,19,10
prefix3,80,3,22,22,22,22,22,22,current,15,0,0,19,21,18,22,13
full,81,31,92,92,92,92,92,92,current,72,0,0,89,91,89,92,98
prefix1,81,1,16,16,16,16,16,16,current,10,0,0,13,14,12,16,8
prefix2,81,2,21,21,21,21,21,21,current,14,0,0,18,19,17,21,11
prefix3,81,3,23,23,23,23,23,23,current,16,0,0,21,22,19,23,14
prefix5,81,5,28,28,28,28,28,28,current,20,0,0,26,26,24,28,20
prefix10,81,10,40,40,40,40,40,40,current,30,0,0,38,40,37,40,35
full,82,31,100,100,100,100,100,100,current,79,0,0,98,99,97,100,97
prefix1,82,1,15,15,15,15,15,15,current,9,0,0,12,13,11,15,7
prefix2,82,2,19,19,19,19,19,19,current,13,0,0,17,18,16,19,10
prefix3,82,3,22,22,22,22,22,22,current,15,0,0,19,21,18,22,13
prefix5,82,5,28,28,28,28,28,28,current,20,0,0,26,27,24,28,19
prefix10,82,10,40,40,40,40,40,40,current,30,0,0,38,39,37,40,34
full,83,21,59,59,59,59,59,59,current,45,0,0,56,57,55,59,67
prefix1,83,1,14,14,14,14,14,14,current,9,0,0,12,13,11,14,7
prefix2,83,2,18,18,18,18,18,18,current,12,0,0,16,17,14,18,10
prefix3,83,3,21,21,21,21,21,21,current,14,0,0,18,19,17,21,13
prefix5,83,5,26,26,26,26,26,26,current,18,0,0,23,24,22,26,19
prefix10,83,10,37,37,37,37,37,37,current,27,0,0,34,35,33,37,34
full,84,36,82,82,82,82,82,82,current,64,0,0,80,81,78,82,112
prefix1,84,1,15,15,15,15,15,15,current,9,0,0,12,13,11,15,7
prefix2,84,2,19,19,19,19,19,19,current,13,0,0,17,18,16,19,10
prefix3,84,3,21,21,21,21,21,21,current,14,0,0,18,19,17,21,13
prefix5,84,5,26,26,26,26,26,26,current,18,0,0,23,24,22,26,19
prefix10,84,10,34,34,34,34,34,34,current,25,0,0,32,33,30,34,34
full,85,5,28,28,28,28,28,28,current,20,0,0,26,26,24,28,19
prefix1,85,1,15,15,15,15,15,15,current,9,0,0,12,13,10,15,7
prefix2,85,2,19,19,19,19,19,19,current,13,0,0,17,18,15,19,10
prefix3,85,3,21,21,21,21,21,21,current,14,0,0,18,19,17,21,13
prefix5,85,5,28,28,28,28,28,28,current,20,0,0,26,26,24,28,19
full,86,23,61,61,61,61,61,61,current,47,0,0,58,60,58,61,73
prefix1,86,1,14,14,14,14,14,14,current,9,0,0,12,13,11,14,7
prefix2,86,2,18,18,18,18,18,18,current,12,0,0,16,17,14,18,10
prefix3,86,3,21,21,21,21,21,21,current,14,0,0,18,19,17,21,13
prefix5,86,5,25,25,25,25,25,25,current,18,0,0,23,24,22,25,19
prefix10,86,10,33,33,33,33,33,33,current,24,0,0,30,32,29,33,34
full,87,169,414,414,414,414,414,414,current,334,0,0,411,413,410,414,513
prefix1,87,1,16,16,16,16,16,16,current,10,0,0,13,15,12,16,8
prefix2,87,2,21,21,21,21,21,21,current,14,0,0,18,19,17,21,11
prefix3,87,3,22,22,22,22,22,22,current,15,0,0,19,21,18,22,14
prefix5,87,5,25,25,25,25,25,25,current,18,0,0,23,24,22,25,20
prefix10,87,10,40,40,40,40,40,40,current,30,0,0,38,39,37,40,35
full,88,28,61,61,61,61,61,61,current,47,0,0,59,60,58,61,88
prefix1,88,1,15,15,15,15,15,15,current,9,0,0,12,13,11,15,7
prefix2,88,2,18,18,18,18,18,18,current,12,0,0,16,17,14,18,10
prefix3,88,3,19,19,19,19,19,19,current,13,0,0,17,18,16,19,13
prefix5,88,5,23,23,23,23,23,23,current,16,0,0,21,22,19,23,19
prefix10,88,10,30,30,30,30,30,30,current,22,0,0,28,29,27,30,34
full,89,30,92,92,92,92,92,92,current,72,0,0,89,91,88,92,102
prefix1,89,1,15,15,15,15,15,15,current,9,0,0,12,13,11,15,7
prefix2,89,2,19,19,19,19,19,19,current,13,0,0,17,18,16,19,10
prefix3,89,3,22,22,22,22,22,22,current,15,0,0,19,21,18,22,13
prefix5,89,5,27,27,27,27,27,27,current,19,0,0,24,26,23,27,19
prefix10,89,10,40,40,40,40,40,40,current,30,0,0,38,39,37,40,36
full,90,69,151,151,151,151,151,151,current,120,0,0,148,149,146,151,212
prefix1,90,1,16,16,16,16,16,16,current,10,0,0,13,14,12,16,8
prefix2,90,2,21,21,21,21,21,21,current,14,0,0,18,19,17,21,11
prefix3,90,3,22,22,22,22,22,22,current,15,0,0,19,20,18,22,14
prefix5,90,5,26,26,26,26,26,26,current,18,0,0,23,24,22,26,20
prefix10,90,10,34,34,34,34,34,34,current,25,0,0,32,33,30,34,35
full,91,30,81,81,81,81,81,81,current,63,0,0,78,79,77,81,95
prefix1,91,1,16,16,16,16,16,16,current,10,0,0,13,14,12,16,8
prefix2,91,2,21,21,21,21,21,21,current,14,0,0,18,19,17,21,11
prefix3,91,3,22,22,22,22,22,22,current,15,0,0,19,20,18,22,14
prefix5,91,5,27,27,27,27,27,27,current,19,0,0,24,25,23,27,20
prefix10,91,10,37,37,37,37,37,37,current,27,0,0,34,35,33,37,35
full,92,71,162,162,162,162,162,162,current,129,0,0,159,160,158,162,218
prefix1,92,1,16,16,16,16,16,16,current,10,0,0,13,14,12,16,8
prefix2,92,2,21,21,21,21,21,21,current,14,0,0,18,19,16,21,11
prefix3,92,3,23,23,23,23,23,23,current,16,0,0,21,21,19,23,14
prefix5,92,5,27,27,27,27,27,27,current,19,0,0,24,25,23,27,20
prefix10,92,10,37,37,37,37,37,37,current,27,0,0,34,35,32,37,35
full,93,33,77,77,77,77,77,77,current,60,0,0,75,76,73,77,103
prefix1,93,1,14,14,14,14,14,14,current,9,0,0,12,13,11,14,7
prefix2,93,2,19,19,19,19,19,19,current,13,0,0,17,18,15,19,10
prefix3,93,3,21,21,21,21,21,21,current,14,0,0,18,19,17,21,13
prefix5,93,5,24,24,24,24,24,24,current,17,0,0,22,23,20,24,19
prefix10,93,10,34,34,34,34,34,34,current,25,0,0,32,33,30,34,34
full,94,5,27,27,27,27,27,27,current,19,0,0,24,25,23,27,19
prefix1,94,1,15,15,15,15,15,15,current,9,0,0,12,13,10,15,7
prefix2,94,2,19,19,19,19,19,19,current,13,0,0,17,18,15,19,10
prefix3,94,3,22,22,22,22,22,22,current,15,0,0,19,20,18,22,13
prefix5,94,5,27,27,27,27,27,27,current,19,0,0,24,25,23,27,19
full,95,5,27,27,27,27,27,27,current,19,0,0,24,25,23,27,19
prefix1,95,1,15,15,15,15,15,15,current,9,0,0,12,13,10,15,7
prefix2,95,2,19,19,19,19,19,19,current,13,0,0,17,18,15,19,10
prefix3,95,3,22,22,22,22,22,22,current,15,0,0,19,20,18,22,13
prefix5,95,5,27,27,27,27,27,27,current,19,0,0,24,25,23,27,19
full,96,17,60,60,60,60,60,60,current,46,0,0,58,59,56,60,55
prefix1,96,1,15,15,15,15,15,15,current,9,0,0,12,13,11,15,7
prefix2,96,2,19,19,19,19,19,19,current,13,0,0,17,18,16,19,10
prefix3,96,3,22,22,22,22,22,22,current,15,0,0,19,21,18,22,13
prefix5,96,5,27,27,27,27,27,27,current,19,0,0,24,26,23,27,19
prefix10,96,10,40,40,40,40,40,40,current,30,0,0,38,39,37,40,34
full,97,5,32,32,32,32,32,32,current,23,0,0,29,30,28,32,22
prefix1,97,1,16,16,16,16,16,16,current,10,0,0,13,14,12,16,8
prefix2,97,2,22,22,22,22,22,22,current,15,0,0,19,21,18,22,12
prefix3,97,3,26,26,26,26,26,26,current,18,0,0,23,24,22,26,16
prefix5,97,5,32,32,32,32,32,32,current,23,0,0,29,30,28,32,22
full,98,140,311,311,311,311,311,311,current,249,0,1,308,308,306,311,426
prefix1,98,1,16,16,16,16,16,16,current,10,0,0,13,14,12,16,8
prefix2,98,2,19,19,19,19,19,19,current,13,0,0,17,18,16,19,11
prefix3,98,3,22,22,22,22,22,22,current,15,0,0,19,21,18,22,14
prefix5,98,5,26,26,26,26,26,26,current,18,0,0,23,24,22,26,20
prefix10,98,10,37,37,37,37,37,37,current,27,0,0,34,35,33,37,35
full,99,262,579,579,579,579,579,579,current,467,0,1,576,577,574,579,791
prefix1,99,1,14,14,14,14,14,14,current,9,0,0,12,13,11,14,7
prefix2,99,2,19,19,19,19,19,19,current,13,0,0,17,18,15,19,10
prefix3,99,3,21,21,21,21,21,21,current,14,0,0,18,19,17,21,13
prefix5,99,5,25,25,25,25,25,25,current,18,0,0,23,24,22,25,19
prefix10,99,10,35,35,35,35,35,35,current,26,0,0,33,34,31,35,34
full,100,4,24,24,24,24,24,24,current,17,0,0,22,23,21,24,17
prefix1,100,1,16,16,16,16,16,16,current,10,0,0,13,14,12,16,8
prefix2,100,2,19,19,19,19,19,19,current,13,0,0,17,18,16,19,11
prefix3,100,3,22,22,22,22,22,22,current,15,0,0,19,21,18,22,14
full,101,170,364,364,364,364,364,364,current,293,0,0,361,363,360,364,516
prefix1,101,1,16,16,16,16,16,16,current,10,0,0,13,14,12,16,8
prefix2,101,2,19,19,19,19,19,19,current,13,0,0,17,18,15,19,11
prefix3,101,3,22,22,22,22,22,22,current,15,0,0,19,20,18,22,14
prefix5,101,5,26,26,26,26,26,26,current,18,0,0,23,24,22,26,20
prefix10,101,10,34,34,34,34,34,34,current,25,0,0,32,33,30,34,35
full,102,37,107,107,107,107,107,107,current,84,0,0,104,106,103,107,115
prefix1,102,1,14,14,14,14,14,14,current,9,0,0,12,13,11,14,7
prefix2,102,2,19,19,19,19,19,19,current,13,0,0,17,18,16,19,10
prefix3,102,3,19,19,19,19,19,19,current,13,0,0,17,18,16,19,13
prefix5,102,5,26,26,26,26,26,26,current,18,0,0,23,24,22,26,19
prefix10,102,10,38,38,38,38,38,38,current,28,0,0,35,37,34,38,34
full,103,18,66,66,66,66,66,66,current,51,0,0,64,65,62,66,59
prefix1,103,1,16,16,16,16,16,16,current,10,0,0,13,14,12,16,8
prefix2,103,2,21,21,21,21,21,21,current,14,0,0,18,19,17,21,11
prefix3,103,3,23,23,23,23,23,23,current,16,0,0,21,22,19,23,14
prefix5,103,5,28,28,28,28,28,28,current,20,0,0,26,27,24,28,20
prefix10,103,10,42,42,42,42,42,42,current,31,0,0,39,40,38,42,35
full,104,20,62,62,62,62,62,62,current,48,0,0,60,61,59,62,64
prefix1,104,1,14,14,14,14,14,14,current,9,0,0,12,13,11,14,7
prefix2,104,2,19,19,19,19,19,19,current,13,0,0,17,18,16,19,10
prefix3,104,3,21,21,21,21,21,21,current,14,0,0,18,19,17,21,13
prefix5,104,5,26,26,26,26,26,26,current,18,0,0,23,24,22,26,19
prefix10,104,10,38,38,38,38,38,38,current,28,0,0,35,37,34,38,34
full,105,31,73,73,73,73,73,73,current,57,0,0,71,72,70,73,97
prefix1,105,1,14,14,14,14,14,14,current,9,0,0,12,13,11,14,7
prefix2,105,2,19,19,19,19,19,19,current,13,0,0,17,18,15,19,10
prefix3,105,3,22,22,22,22,22,22,current,15,0,0,19,21,18,22,13
prefix5,105,5,25,25,25,25,25,25,current,18,0,0,23,24,21,25,19
prefix10,105,10,34,34,34,34,34,34,current,25,0,0,32,33,30,34,34
full,106,37,83,83,83,83,83,83,current,65,0,0,81,82,80,83,115
prefix1,106,1,14,14,14,14,14,14,current,9,0,0,12,13,11,14,7
prefix2,106,2,19,19,19,19,19,19,current,13,0,0,17,18,16,19,10
prefix3,106,3,21,21,21,21,21,21,current,14,0,0,18,19,17,21,13
prefix5,106,5,24,24,24,24,24,24,current,17,0,0,22,23,20,24,19
prefix10,106,10,34,34,34,34,34,34,current,25,0,0,32,33,30,34,34
full,107,141,360,360,360,360,360,360,current,290,0,0,358,359,356,360,428
prefix1,107,1,14,14,14,14,14,14,current,9,0,0,12,13,11,14,7
prefix2,107,2,19,19,19,19,19,19,current,13,0,0,17,18,16,19,10
prefix3,107,3,22,22,22,22,22,22,current,15,0,0,19,21,18,22,13
prefix5,107,5,27,27,27,27,27,27,current,19,0,0,24,25,23,27,19
prefix10,107,10,38,38,38,38,38,38,current,28,0,0,35,36,34,38,34
full,108,8,40,40,40,40,40,40,current,30,0,0,38,39,37,40,32
prefix1,108,1,16,16,16,16,16,16,current,10,0,0,13,14,12,16,8
prefix2,108,2,22,22,22,22,22,22,current,15,0,0,19,21,18,22,11
prefix3,108,3,24,24,24,24,24,24,current,17,0,0,22,23,21,24,14
prefix5,108,5,30,30,30,30,30,30,current,22,0,0,28,29,27,30,20
full,109,26,69,69,69,69,69,69,current,53,0,0,66,67,65,69,82
prefix1,109,1,14,14,14,14,14,14,current,9,0,0,12,13,11,14,7
prefix2,109,2,18,18,18,18,18,18,current,12,0,0,16,17,14,18,10
prefix3,109,3,21,21,21,21,21,21,current,14,0,0,18,19,17,21,13
prefix5,109,5,24,24,24,24,24,24,current,17,0,0,22,23,21,24,19
prefix10,109,10,34,34,34,34,34,34,current,25,0,0,32,33,31,34,34
full,110,21,70,70,70,70,70,70,current,54,0,0,67,69,66,70,70
prefix1,110,1,16,16,16,16,16,16,current,10,0,0,13,14,12,16,8
prefix2,110,2,21,21,21,21,21,21,current,14,0,0,18,19,17,21,11
prefix3,110,3,22,22,22,22,22,22,current,15,0,0,19,21,18,22,14
prefix5,110,5,27,27,27,27,27,27,current,19,0,0,24,26,23,27,20
prefix10,110,10,43,43,43,43,43,43,current,32,0,0,40,41,39,43,37
full,111,13,55,55,55,55,55,55,current,42,0,0,53,54,51,55,48
prefix1,111,1,14,14,14,14,14,14,current,9,0,0,12,13,11,14,7
prefix2,111,2,19,19,19,19,19,19,current,13,0,0,17,18,16,19,10
prefix3,111,3,23,23,23,23,23,23,current,16,0,0,21,22,19,23,13
prefix5,111,5,28,28,28,28,28,28,current,20,0,0,26,27,24,28,19
prefix10,111,10,46,46,46,46,46,46,current,34,0,1,44,44,41,46,37
full,112,16,66,66,66,66,66,66,current,51,0,0,64,65,62,66,55
prefix1,112,1,14,14,14,14,14,14,current,9,0,0,12,13,11,14,7
prefix2,112,2,19,19,19,19,19,19,current,13,0,0,17,18,16,19,10
prefix3,112,3,23,23,23,23,23,23,current,16,0,0,21,22,19,23,13
prefix5,112,5,29,29,29,29,29,29,current,21,0,0,27,28,26,29,20
prefix10,112,10,45,45,45,45,45,45,current,34,0,0,43,44,41,45,36
full,113,3,22,22,22,22,22,22,current,15,0,0,19,21,18,22,14
prefix1,113,1,16,16,16,16,16,16,current,10,0,0,13,14,12,16,8
prefix2,113,2,19,19,19,19,19,19,current,13,0,0,17,18,16,19,11
prefix3,113,3,22,22,22,22,22,22,current,15,0,0,19,21,18,22,14
full,114,30,76,76,76,76,76,76,current,59,0,0,74,75,72,76,94
prefix1,114,1,14,14,14,14,14,14,current,9,0,0,12,13,11,14,7
prefix2,114,2,19,19,19,19,19,19,current,13,0,0,17,18,16,19,10
prefix3,114,3,21,21,21,21,21,21,current,14,0,0,18,19,17,21,13
prefix5,114,5,26,26,26,26,26,26,current,18,0,0,23,24,22,26,19
prefix10,114,10,34,34,34,34,34,34,current,25,0,0,32,33,30,34,34
full,115,24,82,82,82,82,82,82,current,64,0,0,80,80,78,82,78
prefix1,115,1,14,14,14,14,14,14,current,9,0,0,12,13,11,14,7
prefix2,115,2,19,19,19,19,19,19,current,13,0,0,17,18,16,19,10
prefix3,115,3,22,22,22,22,22,22,current,15,0,0,19,21,18,22,13
prefix5,115,5,26,26,26,26,26,26,current,18,0,0,23,24,22,26,19
prefix10,115,10,43,43,43,43,43,43,current,32,0,0,40,42,39,43,36
full,116,18,54,54,54,54,54,54,current,41,0,0,51,52,50,54,58
prefix1,116,1,15,15,15,15,15,15,current,9,0,0,12,13,11,15,7
prefix2,116,2,18,18,18,18,18,18,current,12,0,0,16,17,14,18,10
prefix3,116,3,21,21,21,21,21,21,current,14,0,0,18,19,17,21,13
prefix5,116,5,26,26,26,26,26,26,current,18,0,0,23,24,22,26,19
prefix10,116,10,37,37,37,37,37,37,current,27,0,0,34,35,33,37,34
full,117,27,85,85,85,85,85,85,current,66,0,0,82,83,81,85,85
prefix1,117,1,14,14,14,14,14,14,current,9,0,0,12,13,11,14,7
prefix2,117,2,19,19,19,19,19,19,current,13,0,0,17,18,16,19,10
prefix3,117,3,22,22,22,22,22,22,current,15,0,0,19,21,18,22,13
prefix5,117,5,28,28,28,28,28,28,current,20,0,0,26,28,25,28,19
prefix10,117,10,39,39,39,39,39,39,current,29,0,0,37,38,35,39,34
full,118,24,71,71,71,71,71,71,current,55,0,0,69,69,67,71,77
prefix1,118,1,16,16,16,16,16,16,current,10,0,0,13,14,12,16,8
prefix2,118,2,19,19,19,19,19,19,current,13,0,0,17,18,15,19,11
prefix3,118,3,22,22,22,22,22,22,current,15,0,0,19,20,18,22,14
prefix5,118,5,27,27,27,27,27,27,current,19,0,0,24,25,23,27,20
prefix10,118,10,37,37,37,37,37,37,current,27,0,0,34,35,33,37,35
full,119,9,37,37,37,37,37,37,current,27,0,0,34,35,33,37,31
prefix1,119,1,14,14,14,14,14,14,current,9,0,0,12,13,11,14,7
prefix2,119,2,18,18,18,18,18,18,current,12,0,0,16,17,15,18,10
prefix3,119,3,22,22,22,22,22,22,current,15,0,0,19,21,18,22,13
prefix5,119,5,27,27,27,27,27,27,current,19,0,0,24,26,23,27,19
full,120,32,92,92,92,92,92,92,current,72,0,0,89,91,88,92,100
prefix1,120,1,14,14,14,14,14,14,current,9,0,0,12,13,11,14,7
prefix2,120,2,19,19,19,19,19,19,current,13,0,0,17,18,15,19,10
prefix3,120,3,22,22,22,22,22,22,current,15,0,0,19,20,18,22,13
prefix5,120,5,26,26,26,26,26,26,current,18,0,0,23,24,22,26,19
prefix10,120,10,38,38,38,38,38,38,current,28,0,0,35,36,34,38,34
full,121,102,380,380,380,380,380,380,current,306,0,0,377,380,377,380,424
prefix1,121,1,14,14,14,14,14,14,current,9,0,0,12,13,11,14,7
prefix2,121,2,21,21,21,21,21,21,current,14,0,0,18,19,17,21,12
prefix3,121,3,24,24,24,24,24,24,current,17,0,0,22,23,21,24,16
prefix5,121,5,32,32,32,32,32,32,current,23,0,0,29,30,28,32,24
prefix10,121,10,49,49,49,49,49,49,current,37,0,0,46,48,45,49,43
full,122,8,38,38,38,38,38,38,current,28,0,0,35,37,34,38,29
prefix1,122,1,14,14,14,14,14,14,current,9,0,0,12,13,11,14,7
prefix2,122,2,19,19,19,19,19,19,current,13,0,0,17,18,16,19,10
prefix3,122,3,22,22,22,22,22,22,current,15,0,0,19,21,18,22,13
prefix5,122,5,29,29,29,29,29,29,current,21,0,0,27,28,26,29,19
full,123,26,80,80,80,80,80,80,current,62,0,0,77,79,76,80,82
prefix1,123,1,14,14,14,14,14,14,current,9,0,0,12,13,11,14,7
prefix2,123,2,19,19,19,19,19,19,current,13,0,0,17,18,16,19,10
prefix3,123,3,21,21,21,21,21,21,current,14,0,0,18,19,17,21,13
prefix5,123,5,28,28,28,28,28,28,current,20,0,0,25,27,24,28,19
prefix10,123,10,40,40,40,40,40,40,current,30,0,0,38,39,37,40,34
full,124,94,288,288,288,288,288,288,current,231,0,0,285,286,284,288,303
prefix1,124,1,16,16,16,16,16,16,current,10,0,0,13,15,12,16,8
prefix2,124,2,21,21,21,21,21,21,current,14,0,0,18,19,17,21,11
prefix3,124,3,23,23,23,23,23,23,current,16,0,0,21,22,19,23,14
prefix5,124,5,29,29,29,29,29,29,current,21,0,0,27,28,25,29,20
prefix10,124,10,44,44,44,44,44,44,current,33,0,0,42,43,40,44,36
full,125,21,65,65,65,65,65,65,current,50,0,0,62,64,61,65,67
prefix1,125,1,14,14,14,14,14,14,current,9,0,0,12,13,11,14,7
prefix2,125,2,19,19,19,19,19,19,current,13,0,0,17,18,16,19,10
prefix3,125,3,22,22,22,22,22,22,current,15,0,0,19,21,18,22,13
prefix5,125,5,26,26,26,26,26,26,current,18,0,0,23,24,22,26,19
prefix10,125,10,39,39,39,39,39,39,current,29,0,0,37,38,35,39,34
full,126,27,73,73,73,73,73,73,current,57,0,0,71,72,70,73,85
prefix1,126,1,14,14,14,14,14,14,current,9,0,0,12,13,11,14,7
prefix2,126,2,19,19,19,19,19,19,current,13,0,0,17,18,16,19,10
prefix3,126,3,22,22,22,22,22,22,current,15,0,0,19,21,18,22,13
prefix5,126,5,24,24,24,24,24,24,current,17,0,0,22,23,21,24,19
prefix10,126,10,35,35,35,35,35,35,current,26,0,0,33,34,32,35,34
full,127,16,60,60,60,60,60,60,current,46,0,0,57,58,56,60,53
prefix1,127,1,14,14,14,14,14,14,current,9,0,0,12,13,11,14,7
prefix2,127,2,20,20,20,20,20,20,current,13,0,1,17,18,16,20,10
prefix3,127,3,22,22,22,22,22,22,current,15,0,0,19,21,18,22,13
prefix5,127,5,27,27,27,27,27,27,current,19,0,0,24,26,23,27,19
prefix10,127,10,43,43,43,43,43,43,current,32,0,0,40,42,39,43,34
full,128,10,39,39,39,39,39,39,current,29,0,0,37,38,35,39,35
prefix1,128,1,16,16,16,16,16,16,current,10,0,0,13,14,12,16,8
prefix2,128,2,21,21,21,21,21,21,current,14,0,0,18,19,17,21,11
prefix3,128,3,23,23,23,23,23,23,current,16,0,0,21,22,19,23,14
prefix5,128,5,28,28,28,28,28,28,current,20,0,0,26,27,24,28,20
prefix10,128,10,39,39,39,39,39,39,current,29,0,0,37,38,35,39,35
full,129,8,37,37,37,37,37,37,current,27,0,0,34,35,33,37,29
prefix1,129,1,16,16,16,16,16,16,current,10,0,0,13,14,12,16,8
prefix2,129,2,21,21,21,21,21,21,current,14,0,0,18,19,17,21,11
prefix3,129,3,23,23,23,23,23,23,current,16,0,0,21,22,19,23,14
prefix5,129,5,28,28,28,28,28,28,current,20,0,0,26,27,24,28,20
full,130,27,80,80,80,80,80,80,current,62,0,0,77,79,76,80,95
prefix1,130,1,14,14,14,14,14,14,current,9,0,0,12,13,11,14,7
prefix2,130,2,19,19,19,19,19,19,current,13,0,0,17,18,16,19,10
prefix3,130,3,22,22,22,22,22,22,current,15,0,0,19,21,18,22,13
prefix5,130,5,27,27,27,27,27,27,current,19,0,0,24,26,23,27,20
prefix10,130,10,41,41,41,41,41,41,current,30,0,1,39,39,37,41,38
full,131,30,75,75,75,75,75,75,current,58,0,0,72,73,71,75,94
prefix1,131,1,15,15,15,15,15,15,current,9,0,0,12,13,11,15,7
prefix2,131,2,19,19,19,19,19,19,current,13,0,0,17,18,16,19,10
prefix3,131,3,21,21,21,21,21,21,current,14,0,0,18,19,17,21,13
prefix5,131,5,23,23,23,23,23,23,current,16,0,0,21,22,19,23,19
prefix10,131,10,34,34,34,34,34,34,current,25,0,0,32,33,30,34,34
full,132,26,58,58,58,58,58,58,current,44,0,0,55,56,54,58,83
prefix1,132,1,16,16,16,16,16,16,current,10,0,0,13,14,12,16,8
prefix2,132,2,19,19,19,19,19,19,current,13,0,0,17,18,16,19,11
prefix3,132,3,21,21,21,21,21,21,current,14,0,0,18,19,17,21,14
prefix5,132,5,23,23,23,23,23,23,current,16,0,0,21,22,19,23,20
prefix10,132,10,32,32,32,32,32,32,current,23,0,0,29,30,28,32,35
full,133,30,75,75,75,75,75,75,current,58,0,0,72,73,71,75,94
prefix1,133,1,14,14,14,14,14,14,current,9,0,0,12,13,11,14,7
prefix2,133,2,19,19,19,19,19,19,current,13,0,0,17,18,15,19,10
prefix3,133,3,21,21,21,21,21,21,current,14,0,0,18,19,17,21,13
prefix5,133,5,24,24,24,24,24,24,current,17,0,0,22,23,20,24,19
prefix10,133,10,33,33,33,33,33,33,current,24,0,0,30,32,29,33,34
full,134,37,132,132,132,132,132,132,current,105,0,0,130,131,129,132,129
prefix1,134,1,14,14,14,14,14,14,current,9,0,0,12,13,11,14,7
prefix2,134,2,19,19,19,19,19,19,current,13,0,0,17,18,16,19,10
prefix3,134,3,23,23,23,23,23,23,current,16,0,0,21,22,19,23,14
prefix5,134,5,31,31,31,31,31,31,current,22,0,0,28,29,27,31,22
prefix10,134,10,46,46,46,46,46,46,current,35,0,0,44,45,43,46,38
full,135,8,35,35,35,35,35,35,current,26,0,0,33,34,31,35,29
prefix1,135,1,16,16,16,16,16,16,current,10,0,0,13,14,12,16,8
prefix2,135,2,21,21,21,21,21,21,current,14,0,0,18,19,17,21,11
prefix3,135,3,23,23,23,23,23,23,current,16,0,0,21,21,19,23,14
prefix5,135,5,28,28,28,28,28,28,current,20,0,0,26,26,24,28,20
full,136,26,62,62,62,62,62,62,current,48,0,0,60,61,59,62,82
prefix1,136,1,15,15,15,15,15,15,current,9,0,0,12,13,11,15,7
prefix2,136,2,18,18,18,18,18,18,current,12,0,0,16,17,14,18,10
prefix3,136,3,19,19,19,19,19,19,current,13,0,0,17,18,16,19,13
prefix5,136,5,24,24,24,24,24,24,current,17,0,0,22,23,20,24,19
prefix10,136,10,33,33,33,33,33,33,current,24,0,0,30,32,29,33,34
full,137,46,135,135,135,135,135,135,current,107,0,0,132,135,132,135,142
prefix1,137,1,14,14,14,14,14,14,current,9,0,0,12,13,11,14,7
prefix2,137,2,18,18,18,18,18,18,current,12,0,0,16,17,14,18,10
prefix3,137,3,21,21,21,21,21,21,current,14,0,0,18,19,17,21,13
prefix5,137,5,27,27,27,27,27,27,current,19,0,0,24,25,23,27,19
prefix10,137,10,39,39,39,39,39,39,current,29,0,0,37,38,35,39,34
full,138,14,61,61,61,61,61,61,current,47,0,0,59,60,57,61,55
prefix1,138,1,15,15,15,15,15,15,current,9,0,0,12,13,11,15,7
prefix2,138,2,19,19,19,19,19,19,current,13,0,0,17,18,16,19,10
prefix3,138,3,23,23,23,23,23,23,current,16,0,0,21,22,19,23,13
prefix5,138,5,31,31,31,31,31,31,current,22,0,0,28,29,27,31,21
prefix10,138,10,49,49,49,49,49,49,current,37,0,0,46,48,45,49,41
full,139,47,144,144,144,144,144,144,current,114,0,0,141,142,140,144,145
prefix1,139,1,14,14,14,14,14,14,current,9,0,0,12,13,11,14,7
prefix2,139,2,18,18,18,18,18,18,current,12,0,0,16,17,14,18,10
prefix3,139,3,22,22,22,22,22,22,current,15,0,0,19,21,18,22,13
prefix5,139,5,26,26,26,26,26,26,current,18,0,0,23,24,22,26,19
prefix10,139,10,39,39,39,39,39,39,current,29,0,0,37,38,35,39,34
full,140,23,58,58,58,58,58,58,current,45,0,0,56,58,56,58,74
prefix1,140,1,16,16,16,16,16,16,current,10,0,0,13,14,12,16,8
prefix2,140,2,20,20,20,20,20,20,current,14,0,0,18,19,16,20,11
prefix3,140,3,22,22,22,22,22,22,current,15,0,0,19,20,18,22,14
prefix5,140,5,27,27,27,27,27,27,current,19,0,0,24,25,23,27,20
prefix10,140,10,35,35,35,35,35,35,current,26,0,0,33,34,31,35,35
full,141,1000,2032,2032,2032,2032,2032,2032,current,1648,1,2,2030,2029,2027,2032,3005
prefix1,141,1,14,14,14,14,14,14,current,9,0,0,12,13,10,14,7
prefix2,141,2,19,19,19,19,19,19,current,13,0,0,17,18,15,19,10
prefix3,141,3,22,22,22,22,22,22,current,15,0,0,19,20,18,22,13
prefix5,141,5,24,24,24,24,24,24,current,17,0,0,22,23,20,24,19
prefix10,141,10,35,35,35,35,35,35,current,26,0,0,33,35,32,35,34
full,142,5000,10266,10266,10266,10266,10266,10266,current,8344,1,3,10264,10264,10262,10266,15014
prefix1,142,1,15,15,15,15,15,15,current,9,0,0,12,13,11,15,7
prefix2,142,2,18,18,18,18,18,18,current,12,0,0,16,17,14,18,10
prefix3,142,3,21,21,21,21,21,21,current,14,0,0,18,19,17,21,13
prefix5,142,5,26,26,26,26,26,26,current,18,0,0,23,24,22,26,19
prefix10,142,10,35,35,35,35,35,35,current,26,0,0,33,34,32,35,34
full,143,5000,10338,10338,10338,10338,10337,10337,L4S1,8400,1,4,10336,10334,10332,10338,15005
prefix1,143,1,15,15,15,15,15,15,current,9,0,0,12,13,11,15,7
prefix2,143,2,19,19,19,19,19,19,current,13,0,0,17,18,16,19,10
prefix3,143,3,21,21,21,21,21,21,current,14,0,0,18,19,17,21,13
prefix5,143,5,26,26,26,26,26,26,current,18,0,0,23,24,22,26,19
prefix10,143,10,35,35,35,35,35,35,current,26,0,0,33,34,32,35,34
full,144,3,21,21,21,21,21,21,current,14,0,0,18,19,17,21,13
prefix1,144,1,14,14,14,14,14,14,current,9,0,0,12,13,11,14,7
prefix2,144,2,19,19,19,19,19,19,current,13,0,0,17,18,16,19,10
prefix3,144,3,21,21,21,21,21,21,current,14,0,0,18,19,17,21,13
full,145,5,29,29,29,29,29,29,current,21,0,0,27,28,25,29,19
prefix1,145,1,15,15,15,15,15,15,current,9,0,0,12,13,11,15,7
prefix2,145,2,19,19,19,19,19,19,current,13,0,0,17,18,16,19,10
prefix3,145,3,23,23,23,23,23,23,current,16,0,0,21,22,19,23,13
prefix5,145,5,29,29,29,29,29,29,current,21,0,0,27,28,25,29,19
full,146,27,71,71,71,71,71,71,current,55,0,0,68,70,67,71,85
prefix1,146,1,14,14,14,14,14,14,current,9,0,0,12,13,11,14,7
prefix2,146,2,19,19,19,19,19,19,current,13,0,0,17,18,16,19,10
prefix3,146,3,21,21,21,21,21,21,current,14,0,0,18,19,17,21,13
prefix5,146,5,24,24,24,24,24,24,current,17,0,0,22,23,21,24,19
prefix10,146,10,35,35,35,35,35,35,current,26,0,0,33,34,32,35,34
full,147,46,128,128,128,128,128,128,current,101,0,0,125,126,124,128,143
prefix1,147,1,16,16,16,16,16,16,current,10,0,0,13,14,12,16,8
prefix2,147,2,21,21,21,21,21,21,current,14,0,0,18,19,17,21,11
prefix3,147,3,23,23,23,23,23,23,current,16,0,0,21,22,19,23,14
prefix5,147,5,28,28,28,28,28,28,current,20,0,0,26,27,24,28,20
prefix10,147,10,40,40,40,40,40,40,current,30,0,0,38,39,37,40,35
full,148,29,71,71,71,71,71,71,current,55,0,0,69,70,67,71,91
prefix1,148,1,15,15,15,15,15,15,current,9,0,0,12,13,11,15,7
prefix2,148,2,19,19,19,19,19,19,current,13,0,0,17,18,16,19,10
prefix3,148,3,21,21,21,21,21,21,current,14,0,0,18,19,17,21,13
prefix5,148,5,24,24,24,24,24,24,current,17,0,0,22,23,20,24,19
prefix10,148,10,34,34,34,34,34,34,current,25,0,0,32,33,30,34,34
full,149,24,60,60,60,60,60,60,current,46,0,0,58,59,56,60,76
prefix1,149,1,14,14,14,14,14,14,current,9,0,0,12,13,11,14,7
prefix2,149,2,19,19,19,19,19,19,current,13,0,0,17,18,16,19,10
prefix3,149,3,21,21,21,21,21,21,current,14,0,0,18,19,17,21,13
prefix5,149,5,24,24,24,24,24,24,current,17,0,0,22,23,21,24,19
prefix10,149,10,33,33,33,33,33,33,current,24,0,0,30,32,29,33,34
full,150,23,70,70,70,70,70,70,current,54,0,0,67,68,66,70,74
prefix1,150,1,16,16,16,16,16,16,current,10,0,0,13,14,12,16,8
prefix2,150,2,19,19,19,19,19,19,current,13,0,0,17,18,15,19,11
prefix3,150,3,22,22,22,22,22,22,current,15,0,0,19,20,18,22,14
prefix5,150,5,27,27,27,27,27,27,current,19,0,0,24,25,23,27,20
prefix10,150,10,36,36,36,36,36,36,current,27,0,0,34,35,33,36,35
full,151,20,66,66,66,66,66,66,current,51,0,0,64,65,62,66,64
prefix1,151,1,15,15,15,15,15,15,current,9,0,0,12,13,11,15,7
prefix2,151,2,19,19,19,19,19,19,current,13,0,0,17,18,15,19,10
prefix3,151,3,22,22,22,22,22,22,current,15,0,0,19,21,18,22,13
prefix5,151,5,27,27,27,27,27,27,current,19,0,0,24,25,23,27,19
prefix10,151,10,40,40,40,40,40,40,current,30,0,0,38,39,36,40,34
full,152,57,153,153,153,153,153,153,current,122,0,0,151,152,149,153,176
prefix1,152,1,16,16,16,16,16,16,current,10,0,0,13,14,12,16,8
prefix2,152,2,21,21,21,21,21,21,current,14,0,0,18,19,17,21,11
prefix3,152,3,22,22,22,22,22,22,current,15,0,0,19,20,18,22,14
prefix5,152,5,27,27,27,27,27,27,current,19,0,0,24,25,23,27,20
prefix10,152,10,40,40,40,40,40,40,current,30,0,0,38,39,36,40,35
full,153,30,108,108,108,108,108,108,current,85,0,0,105,107,104,108,101
prefix1,153,1,15,15,15,15,15,15,current,9,0,0,12,13,11,15,7
prefix2,153,2,19,19,19,19,19,19,current,13,0,0,17,18,16,19,10
prefix3,153,3,23,23,23,23,23,23,current,16,0,0,21,22,19,23,13
prefix5,153,5,29,29,29,29,29,29,current,21,0,0,27,28,26,29,19
prefix10,153,10,45,45,45,45,45,45,current,34,0,0,43,44,42,45,36
full,154,17,53,53,53,53,53,53,current,40,0,0,50,51,49,53,55
prefix1,154,1,15,15,15,15,15,15,current,9,0,0,12,13,11,15,7
prefix2,154,2,18,18,18,18,18,18,current,12,0,0,16,17,14,18,10
prefix3,154,3,21,21,21,21,21,21,current,14,0,0,18,19,17,21,13
prefix5,154,5,24,24,24,24,24,24,current,17,0,0,22,23,21,24,19
prefix10,154,10,35,35,35,35,35,35,current,26,0,0,33,34,32,35,34
full,155,27,65,65,65,65,65,65,current,50,0,0,62,64,61,65,85
prefix1,155,1,14,14,14,14,14,14,current,9,0,0,12,13,11,14,7
prefix2,155,2,19,19,19,19,19,19,current,13,0,0,17,18,16,19,10
prefix3,155,3,21,21,21,21,21,21,current,14,0,0,18,19,17,21,13
prefix5,155,5,24,24,24,24,24,24,current,17,0,0,22,23,20,24,19
prefix10,155,10,34,34,34,34,34,34,current,25,0,0,32,33,30,34,34
full,156,13,49,49,49,49,49,49,current,37,0,0,46,48,45,49,44
prefix1,156,1,15,15,15,15,15,15,current,10,0,0,13,14,12,15,8
prefix2,156,2,19,19,19,19,19,19,current,13,0,0,17,18,16,19,11
prefix3,156,3,22,22,22,22,22,22,current,15,0,0,19,21,18,22,14
prefix5,156,5,27,27,27,27,27,27,current,19,0,0,24,26,23,27,20
prefix10,156,10,40,40,40,40,40,40,current,30,0,0,38,39,37,40,35
full,157,26,64,64,64,64,64,64,current,49,0,0,61,62,60,64,82
prefix1,157,1,14,14,14,14,14,14,current,9,0,0,12,13,11,14,7
prefix2,157,2,19,19,19,19,19,19,current,13,0,0,17,18,16,19,10
prefix3,157,3,21,21,21,21,21,21,current,14,0,0,18,19,17,21,13
prefix5,157,5,24,24,24,24,24,24,current,17,0,0,22,23,20,24,19
prefix10,157,10,33,33,33,33,33,33,current,24,0,0,31,32,29,33,34
full,158,20,87,87,87,87,87,87,current,68,0,0,85,86,83,87,82
prefix1,158,1,14,14,14,14,14,14,current,9,0,0,12,13,11,14,7
prefix2,158,2,21,21,21,21,21,21,current,14,0,0,18,19,17,21,11
prefix3,158,3,24,24,24,24,24,24,current,17,0,0,22,23,21,24,15
prefix5,158,5,33,33,33,33,33,33,current,24,0,0,30,32,29,33,23
prefix10,158,10,50,50,50,50,50,50,current,38,0,0,48,49,46,50,43
full,159,3,22,22,22,22,22,22,current,15,0,0,19,21,18,22,13
prefix1,159,1,14,14,14,14,14,14,current,9,0,0,12,13,11,14,7
prefix2,159,2,19,19,19,19,19,19,current,13,0,0,17,18,16,19,10
prefix3,159,3,22,22,22,22,22,22,current,15,0,0,19,21,18,22,13
full,160,17,59,59,59,59,59,59,current,45,0,0,56,57,55,59,55
prefix1,160,1,14,14,14,14,14,14,current,9,0,0,12,13,11,14,7
prefix2,160,2,19,19,19,19,19,19,current,13,0,0,17,18,16,19,10
prefix3,160,3,22,22,22,22,22,22,current,15,0,0,19,21,18,22,13
prefix5,160,5,27,27,27,27,27,27,current,19,0,0,24,26,23,27,19
prefix10,160,10,42,42,42,42,42,42,current,31,0,0,39,40,38,42,34
full,161,109,301,301,301,301,301,301,current,242,0,0,299,300,298,301,332
prefix1,161,1,16,16,16,16,16,16,current,10,0,0,13,14,12,16,8
prefix2,161,2,21,21,21,21,21,21,current,14,0,0,18,19,17,21,11
prefix3,161,3,22,22,22,22,22,22,current,15,0,0,19,21,18,22,14
prefix5,161,5,28,28,28,28,28,28,current,20,0,0,26,27,24,28,20
prefix10,161,10,40,40,40,40,40,40,current,30,0,0,38,39,37,40,35
full,162,47,133,133,133,133,133,133,current,105,0,0,130,131,129,133,146
prefix1,162,1,16,16,16,16,16,16,current,10,0,0,13,14,12,16,8
prefix2,162,2,19,19,19,19,19,19,current,13,0,0,17,18,16,19,11
prefix3,162,3,20,20,20,20,20,20,current,14,0,0,18,19,17,20,14
prefix5,162,5,28,28,28,28,28,28,current,20,0,0,26,27,24,28,20
prefix10,162,10,40,40,40,40,40,40,current,29,0,1,38,38,35,40,35
full,163,27,76,76,76,76,76,76,current,59,0,0,73,75,72,76,85
prefix1,163,1,14,14,14,14,14,14,current,9,0,0,12,13,11,14,7
prefix2,163,2,18,18,18,18,18,18,current,12,0,0,16,17,14,18,10
prefix3,163,3,19,19,19,19,19,19,current,13,0,0,17,18,16,19,13
prefix5,163,5,25,25,25,25,25,25,current,18,0,0,23,24,22,25,19
prefix10,163,10,37,37,37,37,37,37,current,27,0,0,34,35,33,37,34
full,164,14,49,49,49,49,49,49,current,37,0,0,46,48,45,49,46
prefix1,164,1,14,14,14,14,14,14,current,9,0,0,12,13,11,14,7
prefix2,164,2,19,19,19,19,19,19,current,13,0,0,17,18,16,19,10
prefix3,164,3,21,21,21,21,21,21,current,14,0,0,18,19,17,21,13
prefix5,164,5,27,27,27,27,27,27,current,19,0,0,24,26,23,27,19
prefix10,164,10,39,39,39,39,39,39,current,29,0,0,37,38,35,39,34
full,165,71,232,232,232,232,232,232,current,186,0,0,230,231,228,232,237
prefix1,165,1,15,15,15,15,15,15,current,9,0,0,12,13,11,15,7
prefix2,165,2,19,19,19,19,19,19,current,13,0,0,17,18,16,19,11
prefix3,165,3,23,23,23,23,23,23,current,16,0,0,21,22,19,23,14
prefix5,165,5,29,29,29,29,29,29,current,21,0,0,27,28,26,29,20
prefix10,165,10,44,44,44,44,44,44,current,33,0,0,42,43,40,44,35
full,166,141,384,384,384,384,384,384,current,309,0,0,381,382,380,384,429
prefix1,166,1,16,16,16,16,16,16,current,10,0,0,13,14,12,16,8
prefix2,166,2,21,21,21,21,21,21,current,14,0,0,18,19,17,21,11
prefix3,166,3,23,23,23,23,23,23,current,16,0,0,21,22,19,23,14
prefix5,166,5,27,27,27,27,27,27,current,19,0,0,24,26,23,27,20
prefix10,166,10,40,40,40,40,40,40,current,30,0,0,38,39,37,40,35
full,167,17,59,59,59,59,59,59,current,45,0,0,56,58,55,59,55
prefix1,167,1,14,14,14,14,14,14,current,9,0,0,12,13,11,14,7
prefix2,167,2,19,19,19,19,19,19,current,13,0,0,17,18,16,19,10
prefix3,167,3,22,22,22,22,22,22,current,15,0,0,19,21,18,22,13
prefix5,167,5,27,27,27,27,27,27,current,19,0,0,24,26,23,27,19
prefix10,167,10,39,39,39,39,39,39,current,29,0,0,37,38,35,39,34
full,168,25,61,61,61,61,61,61,current,47,0,0,59,60,57,61,79
prefix1,168,1,14,14,14,14,14,14,current,9,0,0,12,13,11,14,7
prefix2,168,2,19,19,19,19,19,19,current,13,0,0,17,18,16,19,10
prefix3,168,3,21,21,21,21,21,21,current,14,0,0,18,19,17,21,13
prefix5,168,5,24,24,24,24,24,24,current,17,0,0,22,23,20,24,19
prefix10,168,10,33,33,33,33,33,33,current,24,0,0,30,32,29,33,34
full,169,32,92,92,92,92,92,92,current,72,0,0,89,91,88,92,115
prefix1,169,1,15,15,15,15,15,15,current,9,0,0,12,13,11,15,7
prefix2,169,2,19,19,19,19,19,19,current,13,0,0,17,18,16,19,10
prefix3,169,3,23,23,23,23,23,23,current,16,0,0,21,22,19,23,14
prefix5,169,5,27,27,27,27,27,27,current,19,0,0,24,25,23,27,20
prefix10,169,10,39,39,39,39,39,39,current,29,0,0,37,38,35,39,37
full,170,111,257,257,257,257,257,257,current,206,0,0,254,255,253,257,337
prefix1,170,1,15,15,15,15,15,15,current,9,0,0,12,13,11,15,7
prefix2,170,2,19,19,19,19,19,19,current,13,0,0,17,18,16,19,10
prefix3,170,3,21,21,21,21,21,21,current,14,0,0,18,19,17,21,13
prefix5,170,5,23,23,23,23,23,23,current,16,0,0,21,22,19,23,19
prefix10,170,10,35,35,35,35,35,35,current,26,0,0,33,34,32,35,34
full,171,46,163,163,163,163,163,163,current,130,0,0,161,162,160,163,158
prefix1,171,1,14,14,14,14,14,14,current,9,0,0,12,13,11,14,7
prefix2,171,2,21,21,21,21,21,21,current,14,0,0,18,19,17,21,11
prefix3,171,3,23,23,23,23,23,23,current,16,0,0,21,22,19,23,14
prefix5,171,5,30,30,30,30,30,30,current,22,0,0,28,29,27,30,21
prefix10,171,10,47,47,47,47,47,47,current,35,0,1,45,45,43,47,38
full,172,29,99,99,99,99,99,99,current,78,0,0,97,98,95,99,91
prefix1,172,1,14,14,14,14,14,14,current,9,0,0,12,13,11,14,7
prefix2,172,2,19,19,19,19,19,19,current,13,0,0,17,18,16,19,10
prefix3,172,3,23,23,23,23,23,23,current,16,0,0,21,22,19,23,13
prefix5,172,5,29,29,29,29,29,29,current,21,0,0,27,28,25,29,19
prefix10,172,10,45,45,45,45,45,45,current,34,0,0,43,44,41,45,34
full,173,8,43,43,43,43,43,43,current,32,0,0,40,42,39,43,37
prefix1,173,1,14,14,14,14,14,14,current,9,0,0,12,13,11,14,7
prefix2,173,2,19,19,19,19,19,19,current,13,0,0,17,18,16,19,11
prefix3,173,3,23,23,23,23,23,23,current,16,0,0,21,22,19,23,14
prefix5,173,5,31,31,31,31,31,31,current,22,0,0,28,29,27,31,23
full,174,80,188,188,188,188,188,188,current,150,0,0,185,186,184,188,245
prefix1,174,1,16,16,16,16,16,16,current,10,0,0,13,14,12,16,8
prefix2,174,2,18,18,18,18,18,18,current,12,0,0,16,17,15,18,11
prefix3,174,3,22,22,22,22,22,22,current,15,0,0,19,21,18,22,14
prefix5,174,5,27,27,27,27,27,27,current,19,0,0,24,26,23,27,20
prefix10,174,10,37,37,37,37,37,37,current,27,0,0,34,35,33,37,35
full,175,27,64,64,64,64,64,64,current,49,0,0,61,62,60,64,85
prefix1,175,1,14,14,14,14,14,14,current,9,0,0,12,13,11,14,7
prefix2,175,2,19,19,19,19,19,19,current,13,0,0,17,18,16,19,10
prefix3,175,3,21,21,21,21,21,21,current,14,0,0,18,19,17,21,13
prefix5,175,5,24,24,24,24,24,24,current,17,0,0,22,23,20,24,19
prefix10,175,10,33,33,33,33,33,33,current,24,0,0,30,32,29,33,34
full,176,500,1394,1394,1394,1394,1394,1394,current,1131,0,0,1391,1392,1389,1394,1512
prefix1,176,1,16,16,16,16,16,16,current,10,0,0,13,14,12,16,8
prefix2,176,2,21,21,21,21,21,21,current,14,0,0,18,19,17,21,11
prefix3,176,3,23,23,23,23,23,23,current,16,0,0,21,22,19,23,14
prefix5,176,5,28,28,28,28,28,28,current,20,0,0,26,27,24,28,20
prefix10,176,10,42,42,42,42,42,42,current,31,0,0,39,40,38,42,35
full,177,12,61,61,61,61,61,61,current,47,0,0,59,60,57,61,56
prefix1,177,1,16,16,16,16,16,16,current,10,0,0,13,14,12,16,8
prefix2,177,2,23,23,23,23,23,23,current,16,0,0,21,22,19,23,13
prefix3,177,3,27,27,27,27,27,27,current,19,0,0,24,26,23,27,18
prefix5,177,5,35,35,35,35,35,35,current,26,0,0,33,34,32,35,27
prefix10,177,10,54,54,54,54,54,54,current,41,0,0,51,53,50,54,50
full,178,7,42,42,42,42,42,42,current,31,0,0,39,40,38,42,34
prefix1,178,1,16,16,16,16,16,16,current,10,0,0,13,14,12,16,8
prefix2,178,2,22,22,22,22,22,22,current,15,0,0,19,21,18,22,12
prefix3,178,3,26,26,26,26,26,26,current,18,0,0,23,24,22,26,16
prefix5,178,5,34,34,34,34,34,34,current,25,0,0,32,33,30,34,26
full,179,11,42,42,42,42,42,42,current,31,0,0,39,40,38,42,38
prefix1,179,1,14,14,14,14,14,14,current,9,0,0,12,13,11,14,7
prefix2,179,2,19,19,19,19,19,19,current,13,0,0,17,18,16,19,10
prefix3,179,3,21,21,21,21,21,21,current,14,0,0,18,19,17,21,13
prefix5,179,5,23,23,23,23,23,23,current,16,0,0,21,22,19,23,19
prefix10,179,10,34,34,34,34,34,34,current,25,0,0,32,33,30,34,34
full,180,58,222,222,222,222,222,222,current,178,0,0,220,221,218,222,232
prefix1,180,1,15,15,15,15,15,15,current,9,0,0,12,13,11,15,7
prefix2,180,2,19,19,19,19,19,19,current,13,0,0,17,18,16,19,10
prefix3,180,3,24,24,24,24,24,24,current,17,0,0,22,23,20,24,14
prefix5,180,5,33,33,33,33,33,33,current,24,0,0,30,32,29,33,23
prefix10,180,10,50,50,50,50,50,50,current,38,0,0,48,49,46,50,43
full,181,51,198,198,198,198,198,198,current,158,0,0,195,196,194,198,203
prefix1,181,1,14,14,14,14,14,14,current,9,0,0,12,13,11,14,7
prefix2,181,2,20,20,20,20,20,20,current,14,0,0,18,19,17,20,11
prefix3,181,3,24,24,24,24,24,24,current,17,0,0,22,23,21,24,15
prefix5,181,5,31,31,31,31,31,31,current,23,0,0,29,30,28,31,24
prefix10,181,10,50,50,50,50,50,50,current,38,0,0,47,49,46,50,44
full,182,23,93,93,93,93,93,93,current,73,0,0,91,92,89,93,88
prefix1,182,1,15,15,15,15,15,15,current,9,0,0,12,13,11,15,7
prefix2,182,2,21,21,21,21,21,21,current,14,0,0,18,19,17,21,11
prefix3,182,3,24,24,24,24,24,24,current,17,0,0,22,23,21,24,15
prefix5,182,5,33,33,33,33,33,33,current,24,0,0,30,32,29,33,24
prefix10,182,10,50,50,50,50,50,50,current,38,0,0,48,49,47,50,42
full,183,30,88,88,88,88,88,88,current,68,0,1,85,86,83,88,94
prefix1,183,1,14,14,14,14,14,14,current,9,0,0,12,13,11,14,7
prefix2,183,2,19,19,19,19,19,19,current,13,0,0,17,18,16,19,10
prefix3,183,3,21,21,21,21,21,21,current,14,0,0,18,19,17,21,13
prefix5,183,5,27,27,27,27,27,27,current,19,0,0,24,25,23,27,19
prefix10,183,10,39,39,39,39,39,39,current,29,0,0,37,38,35,39,34
full,184,27,74,74,74,74,74,74,current,57,0,0,71,72,70,74,85
prefix1,184,1,15,15,15,15,15,15,current,9,0,0,12,13,11,15,7
prefix2,184,2,18,18,18,18,18,18,current,12,0,0,16,17,14,18,10
prefix3,184,3,21,21,21,21,21,21,current,14,0,0,18,19,17,21,13
prefix5,184,5,24,24,24,24,24,24,current,17,0,0,22,23,21,24,19
prefix10,184,10,35,35,35,35,35,35,current,26,0,0,33,34,32,35,34
full,185,28,66,66,66,66,66,66,current,51,0,0,64,65,62,66,88
prefix1,185,1,14,14,14,14,14,14,current,9,0,0,12,13,11,14,7
prefix2,185,2,19,19,19,19,19,19,current,13,0,0,17,18,16,19,10
prefix3,185,3,21,21,21,21,21,21,current,14,0,0,18,19,17,21,13
prefix5,185,5,24,24,24,24,24,24,current,17,0,0,22,23,20,24,19
prefix10,185,10,33,33,33,33,33,33,current,24,0,0,30,32,29,33,34
full,186,204,505,505,505,505,505,505,current,408,0,0,502,504,502,505,618
prefix1,186,1,16,16,16,16,16,16,current,10,0,0,13,15,12,16,8
prefix2,186,2,21,21,21,21,21,21,current,14,0,0,18,19,17,21,11
prefix3,186,3,24,24,24,24,24,24,current,17,0,0,22,23,21,24,14
prefix5,186,5,29,29,29,29,29,29,current,21,0,0,27,28,26,29,20
prefix10,186,10,40,40,40,40,40,40,current,30,0,0,38,39,36,40,35
full,187,32,72,72,72,72,72,72,current,56,0,0,70,71,68,72,100
prefix1,187,1,14,14,14,14,14,14,current,9,0,0,12,13,11,14,7
prefix2,187,2,19,19,19,19,19,19,current,13,0,0,17,18,16,19,10
prefix3,187,3,21,21,21,21,21,21,current,14,0,0,18,19,17,21,13
prefix5,187,5,26,26,26,26,26,26,current,18,0,1,23,24,22,26,19
prefix10,187,10,34,34,34,34,34,34,current,25,0,0,32,33,30,34,34
full,188,27,85,85,85,85,85,85,current,67,0,0,83,85,82,85,85
prefix1,188,1,14,14,14,14,14,14,current,9,0,0,12,13,11,14,7
prefix2,188,2,19,19,19,19,19,19,current,13,0,0,17,18,16,19,10
prefix3,188,3,22,22,22,22,22,22,current,15,0,0,19,21,18,22,13
prefix5,188,5,27,27,27,27,27,27,current,19,0,0,24,26,23,27,19
prefix10,188,10,40,40,40,40,40,40,current,30,0,0,38,39,37,40,34
full,189,31,74,74,74,74,74,74,current,57,0,0,71,72,70,74,97
prefix1,189,1,14,14,14,14,14,14,current,9,0,0,12,13,11,14,7
prefix2,189,2,19,19,19,19,19,19,current,13,0,0,17,18,15,19,10
prefix3,189,3,22,22,22,22,22,22,current,15,0,0,19,20,18,22,13
prefix5,189,5,25,25,25,25,25,25,current,18,0,0,23,24,22,25,19
prefix10,189,10,34,34,34,34,34,34,current,25,0,0,32,33,30,34,34
full,190,144,349,349,349,349,349,349,current,281,0,0,347,348,346,349,438
prefix1,190,1,16,16,16,16,16,16,current,10,0,0,13,14,12,16,8
prefix2,190,2,21,21,21,21,21,21,current,14,0,0,18,19,17,21,11
prefix3,190,3,23,23,23,23,23,23,current,16,0,0,21,22,19,23,14
prefix5,190,5,27,27,27,27,27,27,current,19,0,0,24,26,23,27,20
prefix10,190,10,38,38,38,38,38,38,current,28,0,0,35,37,34,38,35
full,191,38,90,90,90,90,90,90,current,70,0,0,87,88,86,90,118
prefix1,191,1,15,15,15,15,15,15,current,9,0,0,12,13,11,15,7
prefix2,191,2,19,19,19,19,19,19,current,13,0,0,17,18,16,19,10
prefix3,191,3,21,21,21,21,21,21,current,14,0,0,18,19,17,21,13
prefix5,191,5,26,26,26,26,26,26,current,18,0,0,23,24,22,26,19
prefix10,191,10,34,34,34,34,34,34,current,25,0,0,32,33,30,34,34
full,192,43,92,92,92,92,92,92,current,72,0,0,89,91,88,92,133
prefix1,192,1,15,15,15,15,15,15,current,9,0,0,12,13,11,15,7
prefix2,192,2,19,19,19,19,19,19,current,13,0,0,17,18,16,19,10
prefix3,192,3,21,21,21,21,21,21,current,14,0,0,18,19,17,21,13
prefix5,192,5,24,24,24,24,24,24,current,17,0,0,22,23,21,24,19
prefix10,192,10,33,33,33,33,33,33,current,24,0,0,30,32,29,33,34
full,193,150,334,334,334,334,334,334,current,269,0,0,332,333,330,334,456
prefix1,193,1,16,16,16,16,16,16,current,10,0,0,13,14,12,16,8
prefix2,193,2,21,21,21,21,21,21,current,14,0,0,18,19,17,21,11
prefix3,193,3,22,22,22,22,22,22,current,15,0,0,19,21,18,22,14
prefix5,193,5,27,27,27,27,27,27,current,19,0,0,24,26,23,27,20
prefix10,193,10,38,38,38,38,38,38,current,28,0,0,35,37,34,38,35
full,194,21,63,63,63,63,63,63,current,49,0,0,61,62,60,63,67
prefix1,194,1,15,15,15,15,15,15,current,9,0,0,12,13,11,15,7
prefix2,194,2,19,19,19,19,19,19,current,13,0,0,17,18,16,19,10
prefix3,194,3,21,21,21,21,21,21,current,14,0,0,18,19,17,21,13
prefix5,194,5,24,24,24,24,24,24,current,17,0,0,22,23,21,24,19
prefix10,194,10,32,32,32,32,32,32,current,23,0,0,29,30,28,32,34
full,195,34,76,76,76,76,76,76,current,59,0,0,74,75,72,76,106
prefix1,195,1,14,14,14,14,14,14,current,9,0,0,12,13,11,14,7
prefix2,195,2,19,19,19,19,19,19,current,13,0,0,17,18,16,19,10
prefix3,195,3,21,21,21,21,21,21,current,14,0,0,18,19,17,21,13
prefix5,195,5,24,24,24,24,24,24,current,17,0,0,22,23,20,24,19
prefix10,195,10,33,33,33,33,33,33,current,24,0,0,30,32,29,33,34
full,196,27,67,67,67,67,67,67,current,52,0,0,65,66,64,67,85
prefix1,196,1,15,15,15,15,15,15,current,9,0,0,12,13,11,15,7
prefix2,196,2,19,19,19,19,19,19,current,13,0,0,17,18,16,19,10
prefix3,196,3,21,21,21,21,21,21,current,14,0,0,18,19,17,21,13
prefix5,196,5,26,26,26,26,26,26,current,18,0,0,23,24,22,26,19
prefix10,196,10,34,34,34,34,34,34,current,25,0,0,32,33,30,34,34
full,197,30,75,75,75,75,75,75,current,58,0,0,72,73,71,75,94
prefix1,197,1,14,14,14,14,14,14,current,9,0,0,12,13,11,14,7
prefix2,197,2,19,19,19,19,19,19,current,13,0,0,17,18,16,19,10
prefix3,197,3,21,21,21,21,21,21,current,14,0,0,18,19,17,21,13
prefix5,197,5,26,26,26,26,26,26,current,18,0,0,23,24,22,26,19
prefix10,197,10,34,34,34,34,34,34,current,25,0,0,32,33,30,34,34
full,198,28,69,69,69,69,69,69,current,53,0,0,66,67,65,69,88
prefix1,198,1,14,14,14,14,14,14,current,9,0,0,12,13,11,14,7
prefix2,198,2,19,19,19,19,19,19,current,13,0,0,17,18,16,19,10
prefix3,198,3,21,21,21,21,21,21,current,14,0,0,18,19,17,21,13
prefix5,198,5,26,26,26,26,26,26,current,18,0,1,23,24,22,26,19
prefix10,198,10,35,35,35,35,35,35,current,26,0,0,33,34,31,35,34
full,199,27,67,67,67,67,67,67,current,52,0,0,65,66,64,67,85
prefix1,199,1,14,14,14,14,14,14,current,9,0,0,12,13,11,14,7
prefix2,199,2,19,19,19,19,19,19,current,13,0,0,17,18,16,19,10
prefix3,199,3,21,21,21,21,21,21,current,14,0,0,18,19,17,21,13
prefix5,199,5,23,23,23,23,23,23,current,16,0,0,21,22,19,23,19
prefix10,199,10,33,33,33,33,33,33,current,24,0,0,30,32,29,33,34
full,200,27,70,70,70,70,70,70,current,54,0,0,67,69,66,70,85
prefix1,200,1,14,14,14,14,14,14,current,9,0,0,12,13,11,14,7
prefix2,200,2,19,19,19,19,19,19,current,13,0,0,17,18,16,19,10
prefix3,200,3,21,21,21,21,21,21,current,14,0,0,18,19,17,21,13
prefix5,200,5,24,24,24,24,24,24,current,17,0,0,22,23,20,24,19
prefix10,200,10,33,33,33,33,33,33,current,24,0,0,30,32,29,33,34
full,201,26,66,66,66,66,66,66,current,51,0,0,64,65,62,66,82
prefix1,201,1,14,14,14,14,14,14,current,9,0,0,12,13,11,14,7
prefix2,201,2,19,19,19,19,19,19,current,13,0,0,17,18,16,19,10
prefix3,201,3,21,21,21,21,21,21,current,14,0,0,18,19,17,21,13
prefix5,201,5,24,24,24,24,24,24,current,17,0,0,22,23,20,24,19
prefix10,201,10,34,34,34,34,34,34,current,25,0,0,32,33,30,34,34
full,202,27,65,65,65,65,65,65,current,50,0,0,62,64,61,65,85
prefix1,202,1,14,14,14,14,14,14,current,9,0,0,12,13,11,14,7
prefix2,202,2,19,19,19,19,19,19,current,13,0,0,17,18,15,19,10
prefix3,202,3,21,21,21,21,21,21,current,14,0,0,18,19,17,21,13
prefix5,202,5,24,24,24,24,24,24,current,17,0,0,22,23,20,24,19
prefix10,202,10,34,34,34,34,34,34,current,25,0,0,32,33,30,34,34
full,203,158,344,344,344,344,344,344,current,277,0,0,342,343,341,344,480
prefix1,203,1,16,16,16,16,16,16,current,10,0,0,13,14,12,16,8
prefix2,203,2,19,19,19,19,19,19,current,13,0,0,17,18,16,19,11
prefix3,203,3,22,22,22,22,22,22,current,15,0,0,19,21,18,22,14
prefix5,203,5,27,27,27,27,27,27,current,19,0,0,24,26,23,27,20
prefix10,203,10,37,37,37,37,37,37,current,27,0,0,34,35,33,37,35
full,204,27,77,77,77,77,77,77,current,60,0,0,75,76,74,77,85
prefix1,204,1,14,14,14,14,14,14,current,9,0,0,12,13,11,14,7
prefix2,204,2,19,19,19,19,19,19,current,13,0,0,17,18,16,19,10
prefix3,204,3,21,21,21,21,21,21,current,14,0,0,18,19,17,21,13
prefix5,204,5,24,24,24,24,24,24,current,17,0,0,22,23,21,24,19
prefix10,204,10,35,35,35,35,35,35,current,26,0,0,33,34,32,35,34
full,205,27,73,73,73,73,73,73,current,57,0,0,71,72,70,73,85
prefix1,205,1,15,15,15,15,15,15,current,9,0,0,12,13,11,15,7
prefix2,205,2,19,19,19,19,19,19,current,13,0,0,17,18,15,19,10
prefix3,205,3,22,22,22,22,22,22,current,15,0,0,19,21,18,22,13
prefix5,205,5,26,26,26,26,26,26,current,18,0,0,23,24,22,26,19
prefix10,205,10,35,35,35,35,35,35,current,26,0,0,33,34,32,35,34
full,206,25,61,61,61,61,61,61,current,47,0,0,59,60,57,61,79
prefix1,206,1,14,14,14,14,14,14,current,9,0,0,12,13,11,14,7
prefix2,206,2,19,19,19,19,19,19,current,13,0,0,17,18,16,19,10
prefix3,206,3,21,21,21,21,21,21,current,14,0,0,18,19,17,21,13
prefix5,206,5,24,24,24,24,24,24,current,17,0,0,22,23,20,24,19
prefix10,206,10,33,33,33,33,33,33,current,24,0,0,30,32,29,33,34
full,207,23,67,67,67,67,67,67,current,52,0,0,65,66,64,67,73
prefix1,207,1,14,14,14,14,14,14,current,9,0,0,12,13,11,14,7
prefix2,207,2,18,18,18,18,18,18,current,12,0,0,16,17,14,18,10
prefix3,207,3,22,22,22,22,22,22,current,15,0,0,19,21,18,22,13
prefix5,207,5,26,26,26,26,26,26,current,18,0,0,23,24,22,26,19
prefix10,207,10,37,37,37,37,37,37,current,27,0,0,34,35,33,37,34
full,208,26,70,70,70,70,70,70,current,54,0,0,67,68,66,70,83
prefix1,208,1,16,16,16,16,16,16,current,10,0,0,13,14,12,16,8
prefix2,208,2,21,21,21,21,21,21,current,14,0,0,18,19,17,21,11
prefix3,208,3,22,22,22,22,22,22,current,15,0,0,19,20,18,22,14
prefix5,208,5,24,24,24,24,24,24,current,17,0,0,22,23,20,24,20
prefix10,208,10,34,34,34,34,34,34,current,25,0,0,32,33,30,34,35
full,209,156,345,345,345,345,345,345,current,277,0,1,343,343,340,345,475
prefix1,209,1,16,16,16,16,16,16,current,10,0,0,13,15,12,16,8
prefix2,209,2,20,20,20,20,20,20,current,14,0,0,18,19,17,20,11
prefix3,209,3,22,22,22,22,22,22,current,15,0,0,19,21,18,22,14
prefix5,209,5,27,27,27,27,27,27,current,19,0,0,24,26,23,27,20
prefix10,209,10,35,35,35,35,35,35,current,26,0,0,33,34,32,35,35
full,210,29,67,67,67,67,67,67,current,52,0,0,65,66,63,67,91
prefix1,210,1,14,14,14,14,14,14,current,9,0,0,12,13,11,14,7
prefix2,210,2,19,19,19,19,19,19,current,13,0,0,17,18,16,19,10
prefix3,210,3,21,21,21,21,21,21,current,14,0,0,18,19,17,21,13
prefix5,210,5,26,26,26,26,26,26,current,18,0,0,23,24,22,26,19
prefix10,210,10,33,33,33,33,33,33,current,24,0,0,31,32,29,33,34
full,211,38,109,109,109,109,109,109,current,86,0,0,107,108,105,109,119
prefix1,211,1,16,16,16,16,16,16,current,10,0,0,13,14,12,16,8
prefix2,211,2,21,21,21,21,21,21,current,14,0,0,18,19,17,21,11
prefix3,211,3,23,23,23,23,23,23,current,16,0,0,21,22,19,23,14
prefix5,211,5,28,28,28,28,28,28,current,20,0,0,26,27,24,28,20
prefix10,211,10,40,40,40,40,40,40,current,30,0,0,38,39,37,40,35
full,212,28,67,67,67,67,67,67,current,52,0,0,65,66,63,67,88
prefix1,212,1,14,14,14,14,14,14,current,9,0,0,12,13,11,14,7
prefix2,212,2,19,19,19,19,19,19,current,13,0,0,17,18,16,19,10
prefix3,212,3,21,21,21,21,21,21,current,14,0,0,18,19,17,21,13
prefix5,212,5,24,24,24,24,24,24,current,17,0,0,22,23,20,24,19
prefix10,212,10,34,34,34,34,34,34,current,25,0,0,32,33,30,34,34
full,213,26,74,74,74,74,74,74,current,57,0,0,71,72,69,74,82
prefix1,213,1,14,14,14,14,14,14,current,9,0,0,12,14,11,14,7
prefix2,213,2,19,19,19,19,19,19,current,13,0,0,17,18,16,19,10
prefix3,213,3,21,21,21,21,21,21,current,14,0,0,18,19,17,21,13
prefix5,213,5,24,24,24,24,24,24,current,17,0,0,22,23,20,24,19
prefix10,213,10,33,33,33,33,33,33,current,24,0,0,30,32,29,33,34
full,214,32,89,89,89,89,89,89,current,70,0,0,87,88,86,89,100
prefix1,214,1,14,14,14,14,14,14,current,9,0,0,12,13,11,14,7
prefix2,214,2,18,18,18,18,18,18,current,12,0,0,16,17,14,18,10
prefix3,214,3,21,21,21,21,21,21,current,14,0,0,18,19,17,21,13
prefix5,214,5,24,24,24,24,24,24,current,17,0,0,22,23,21,24,19
prefix10,214,10,37,37,37,37,37,37,current,27,0,0,34,35,33,37,34
full,215,23,67,67,67,67,67,67,current,52,0,0,65,66,64,67,73
prefix1,215,1,15,15,15,15,15,15,current,9,0,0,12,13,11,15,7
prefix2,215,2,18,18,18,18,18,18,current,12,0,0,16,17,14,18,10
prefix3,215,3,22,22,22,22,22,22,current,15,0,0,19,20,18,22,13
prefix5,215,5,26,26,26,26,26,26,current,18,0,0,23,24,22,26,19
prefix10,215,10,37,37,37,37,37,37,current,27,0,0,34,35,33,37,34
full,216,30,104,104,104,104,104,104,current,82,0,0,102,103,100,104,94
prefix1,216,1,14,14,14,14,14,14,current,9,0,0,12,13,11,14,7
prefix2,216,2,19,19,19,19,19,19,current,13,0,0,17,18,16,19,10
prefix3,216,3,23,23,23,23,23,23,current,16,0,0,21,22,19,23,13
prefix5,216,5,29,29,29,29,29,29,current,21,0,0,27,28,25,29,19
prefix10,216,10,45,45,45,45,45,45,current,34,0,0,43,44,42,45,34
full,217,33,94,94,94,94,94,94,current,74,0,0,92,93,91,94,103
prefix1,217,1,14,14,14,14,14,14,current,9,0,0,12,13,11,14,7
prefix2,217,2,19,19,19,19,19,19,current,13,0,0,17,18,16,19,10
prefix3,217,3,21,21,21,21,21,21,current,14,0,0,18,19,17,21,13
prefix5,217,5,24,24,24,24,24,24,current,17,0,0,22,23,21,24,19
prefix10,217,10,37,37,37,37,37,37,current,27,0,0,34,35,33,37,34
full,218,24,65,65,65,65,65,65,current,50,0,0,62,63,61,65,76
prefix1,218,1,14,14,14,14,14,14,current,9,0,0,12,13,11,14,7
prefix2,218,2,18,18,18,18,18,18,current,12,0,0,16,17,14,18,10
prefix3,218,3,21,21,21,21,21,21,current,14,0,0,18,19,17,21,13
prefix5,218,5,24,24,24,24,24,24,current,17,0,0,22,23,20,24,19
prefix10,218,10,33,33,33,33,33,33,current,24,0,0,30,32,29,33,34
full,219,139,386,386,386,386,386,386,current,311,0,0,383,385,383,386,423
prefix1,219,1,16,16,16,16,16,16,current,10,0,0,13,14,12,16,8
prefix2,219,2,21,21,21,21,21,21,current,14,0,0,18,19,17,21,11
prefix3,219,3,22,22,22,22,22,22,current,15,0,0,19,20,18,22,14
prefix5,219,5,28,28,28,28,28,28,current,20,0,0,25,27,24,28,20
prefix10,219,10,39,39,39,39,39,39,current,29,0,0,36,38,35,39,35
full,220,144,474,474,474,474,474,474,current,382,0,1,471,472,470,474,455
prefix1,220,1,16,16,16,16,16,16,current,10,0,0,13,14,12,16,8
prefix2,220,2,22,22,22,22,22,22,current,15,0,0,19,20,18,22,12
prefix3,220,3,24,24,24,24,24,24,current,17,0,0,22,23,20,24,16
prefix5,220,5,30,30,30,30,30,30,current,22,0,0,28,29,26,30,22
prefix10,220,10,48,48,48,48,48,48,current,36,0,0,45,46,44,48,38
full,221,172,448,448,448,448,448,448,current,361,0,1,446,446,444,448,522
prefix1,221,1,16,16,16,16,16,16,current,10,0,0,13,15,12,16,8
prefix2,221,2,20,20,20,20,20,20,current,14,0,0,18,19,17,20,11
prefix3,221,3,23,23,23,23,23,23,current,16,0,0,20,22,19,23,14
prefix5,221,5,27,27,27,27,27,27,current,19,0,0,24,25,23,27,20
prefix10,221,10,39,39,39,39,39,39,current,29,0,0,36,38,35,39,35
full,222,153,405,405,405,405,405,405,current,326,0,0,402,404,402,405,465
prefix1,222,1,16,16,16,16,16,16,current,10,0,0,13,14,12,16,8
prefix2,222,2,21,21,21,21,21,21,current,14,0,0,18,19,17,21,11
prefix3,222,3,23,23,23,23,23,23,current,16,0,0,21,22,19,23,14
prefix5,222,5,28,28,28,28,28,28,current,20,0,0,26,27,24,28,20
prefix10,222,10,41,41,41,41,41,41,current,31,0,0,39,40,38,41,35
full,223,153,414,414,414,414,414,414,current,334,0,0,412,413,411,414,464
prefix1,223,1,14,14,14,14,14,14,current,9,0,0,12,13,11,14,7
prefix2,223,2,19,19,19,19,19,19,current,13,0,0,17,18,16,19,10
prefix3,223,3,22,22,22,22,22,22,current,15,0,0,19,21,18,22,13
prefix5,223,5,26,26,26,26,26,26,current,18,0,0,23,24,22,26,19
prefix10,223,10,39,39,39,39,39,39,current,29,0,0,37,38,35,39,34
full,224,132,358,358,358,358,358,358,current,288,0,0,355,356,353,358,401
prefix1,224,1,14,14,14,14,14,14,current,9,0,0,12,13,11,14,7
prefix2,224,2,19,19,19,19,19,19,current,13,0,0,17,18,16,19,10
prefix3,224,3,22,22,22,22,22,22,current,15,0,0,19,21,18,22,13
prefix5,224,5,26,26,26,26,26,26,current,18,0,0,23,24,22,26,19
prefix10,224,10,40,40,40,40,40,40,current,30,0,0,38,39,37,40,34
full,225,196,406,406,406,406,406,406,current,327,0,0,403,405,402,406,593
prefix1,225,1,15,15,15,15,15,15,current,9,0,0,12,13,11,15,7
prefix2,225,2,19,19,19,19,19,19,current,13,0,0,17,18,16,19,10
prefix3,225,3,21,21,21,21,21,21,current,14,0,0,18,19,17,21,13
prefix5,225,5,26,26,26,26,26,26,current,18,0,0,23,24,22,26,19
prefix10,225,10,34,34,34,34,34,34,current,25,0,0,32,33,30,34,34
full,226,79,214,214,214,214,214,214,current,171,0,0,211,212,210,214,242
prefix1,226,1,16,16,16,16,16,16,current,10,0,0,13,14,12,16,8
prefix2,226,2,19,19,19,19,19,19,current,13,0,0,17,18,15,19,11
prefix3,226,3,23,23,23,23,23,23,current,16,0,0,21,22,19,23,14
prefix5,226,5,27,27,27,27,27,27,current,19,0,0,24,25,23,27,20
prefix10,226,10,38,38,38,38,38,38,current,28,0,0,35,36,34,38,35
full,227,52,142,142,142,142,142,142,current,113,0,0,140,141,139,142,160
prefix1,227,1,14,14,14,14,14,14,current,9,0,0,12,13,11,14,7
prefix2,227,2,19,19,19,19,19,19,current,13,0,0,17,18,16,19,10
prefix3,227,3,22,22,22,22,22,22,current,15,0,0,19,20,18,22,13
prefix5,227,5,26,26,26,26,26,26,current,18,0,0,23,24,22,26,19
prefix10,227,10,38,38,38,38,38,38,current,28,0,0,35,36,34,38,34
full,228,59,162,162,162,162,162,162,current,129,0,0,160,161,158,162,182
prefix1,228,1,16,16,16,16,16,16,current,10,0,0,13,15,12,16,8
prefix2,228,2,21,21,21,21,21,21,current,14,0,0,18,19,17,21,11
prefix3,228,3,22,22,22,22,22,22,current,15,0,0,19,21,18,22,14
prefix5,228,5,27,27,27,27,27,27,current,19,0,0,24,26,23,27,20
prefix10,228,10,37,37,37,37,37,37,current,27,0,0,34,35,33,37,35
full,229,140,385,385,385,385,385,385,current,310,0,0,382,384,382,385,426
prefix1,229,1,16,16,16,16,16,16,current,10,0,0,13,14,12,16,8
prefix2,229,2,21,21,21,21,21,21,current,14,0,0,18,19,17,21,11
prefix3,229,3,22,22,22,22,22,22,current,15,0,0,19,20,18,22,14
prefix5,229,5,27,27,27,27,27,27,current,19,0,0,24,25,23,27,20
prefix10,229,10,39,39,39,39,39,39,current,29,0,0,37,38,35,39,35
full,230,122,317,317,317,317,317,317,current,255,0,0,314,316,314,317,371
prefix1,230,1,16,16,16,16,16,16,current,10,0,0,13,14,12,16,8
prefix2,230,2,21,21,21,21,21,21,current,14,0,0,18,19,17,21,11
prefix3,230,3,22,22,22,22,22,22,current,15,0,0,19,21,18,22,14
prefix5,230,5,27,27,27,27,27,27,current,19,0,0,24,26,23,27,20
prefix10,230,10,36,36,36,36,36,36,current,27,0,0,34,35,33,36,35
full,231,135,353,353,353,353,353,353,current,284,0,0,350,352,349,353,411
prefix1,231,1,16,16,16,16,16,16,current,10,0,0,13,15,12,16,8
prefix2,231,2,21,21,21,21,21,21,current,14,0,0,18,19,17,21,11
prefix3,231,3,22,22,22,22,22,22,current,15,0,0,19,21,18,22,14
prefix5,231,5,26,26,26,26,26,26,current,18,0,0,23,24,22,26,20
prefix10,231,10,36,36,36,36,36,36,current,27,0,0,34,35,33,36,35
full,232,149,397,397,397,397,397,397,current,320,0,0,394,397,394,397,453
prefix1,232,1,16,16,16,16,16,16,current,10,0,0,13,14,12,16,8
prefix2,232,2,21,21,21,21,21,21,current,14,0,0,18,19,17,21,11
prefix3,232,3,23,23,23,23,23,23,current,16,0,0,21,22,19,23,14
prefix5,232,5,28,28,28,28,28,28,current,20,0,0,25,27,24,28,20
prefix10,232,10,40,40,40,40,40,40,current,30,0,0,38,39,36,40,35
full,233,138,368,368,368,368,368,368,current,296,0,0,365,367,365,368,420
prefix1,233,1,16,16,16,16,16,16,current,10,0,0,13,15,12,16,8
prefix2,233,2,21,21,21,21,21,21,current,14,0,0,18,19,17,21,11
prefix3,233,3,23,23,23,23,23,23,current,16,0,0,21,22,19,23,14
prefix5,233,5,28,28,28,28,28,28,current,20,0,0,26,27,24,28,20
prefix10,233,10,40,40,40,40,40,40,current,30,0,0,38,39,37,40,35
full,234,168,456,456,456,456,456,456,current,368,0,0,454,455,452,456,509
prefix1,234,1,14,14,14,14,14,14,current,9,0,0,12,13,11,14,7
prefix2,234,2,19,19,19,19,19,19,current,13,0,0,17,18,16,19,10
prefix3,234,3,22,22,22,22,22,22,current,15,0,0,19,21,18,22,13
prefix5,234,5,27,27,27,27,27,27,current,19,0,0,24,26,23,27,19
prefix10,234,10,38,38,38,38,38,38,current,28,0,0,35,37,34,38,34
full,235,69,189,189,189,189,189,189,current,151,0,0,187,188,186,189,212
prefix1,235,1,16,16,16,16,16,16,current,10,0,0,13,15,12,16,8
prefix2,235,2,21,21,21,21,21,21,current,14,0,0,18,19,17,21,11
prefix3,235,3,22,22,22,22,22,22,current,15,0,0,19,21,18,22,14
prefix5,235,5,27,27,27,27,27,27,current,19,0,0,24,26,23,27,20
prefix10,235,10,37,37,37,37,37,37,current,27,0,0,34,35,33,37,35
full,236,168,616,616,616,616,616,616,current,499,0,0,614,617,615,616,621
prefix1,236,1,14,14,14,14,14,14,current,9,0,0,12,13,11,14,7
prefix2,236,2,21,21,21,21,21,21,current,14,0,0,18,19,17,21,12
prefix3,236,3,25,25,25,25,25,25,current,18,0,0,23,24,22,25,16
prefix5,236,5,32,32,32,32,32,32,current,23,0,0,29,30,28,32,22
prefix10,236,10,49,49,49,49,49,49,current,37,0,0,46,47,45,49,40
full,237,13,46,46,46,46,46,46,current,35,0,0,44,45,42,46,44
prefix1,237,1,16,16,16,16,16,16,current,10,0,0,13,14,12,16,8
prefix2,237,2,21,21,21,21,21,21,current,14,0,0,18,19,17,21,11
prefix3,237,3,23,23,23,23,23,23,current,16,0,0,21,22,19,23,14
prefix5,237,5,28,28,28,28,28,28,current,20,0,0,26,26,24,28,20
prefix10,237,10,40,40,40,40,40,40,current,30,0,0,38,39,36,40,35
full,238,11,49,49,49,49,49,49,current,37,0,0,46,48,45,49,41
prefix1,238,1,16,16,16,16,16,16,current,10,0,0,13,14,12,16,8
prefix2,238,2,21,21,21,21,21,21,current,14,0,0,18,19,17,21,11
prefix3,238,3,23,23,23,23,23,23,current,16,0,0,21,22,19,23,14
prefix5,238,5,30,30,30,30,30,30,current,22,0,0,28,29,27,30,21
prefix10,238,10,46,46,46,46,46,46,current,35,0,0,44,45,43,46,37
full,239,103,268,268,268,268,268,268,current,215,0,0,265,266,263,268,314
prefix1,239,1,16,16,16,16,16,16,current,10,0,0,13,14,12,16,8
prefix2,239,2,20,20,20,20,20,20,current,14,0,0,18,19,17,20,11
prefix3,239,3,22,22,22,22,22,22,current,15,0,0,19,20,18,22,14
prefix5,239,5,27,27,27,27,27,27,current,19,0,0,24,25,23,27,20
prefix10,239,10,36,36,36,36,36,36,current,27,0,0,34,35,33,36,35
full,240,51,142,142,142,142,142,142,current,113,0,0,140,141,139,142,157
prefix1,240,1,14,14,14,14,14,14,current,9,0,0,12,13,11,14,7
prefix2,240,2,19,19,19,19,19,19,current,13,0,0,17,18,16,19,10
prefix3,240,3,22,22,22,22,22,22,current,15,0,0,19,20,18,22,13
prefix5,240,5,27,27,27,27,27,27,current,19,0,0,24,25,23,27,19
prefix10,240,10,39,39,39,39,39,39,current,29,0,0,37,38,35,39,34
full,241,137,355,355,355,355,355,355,current,286,0,0,353,354,351,355,417
prefix1,241,1,16,16,16,16,16,16,current,10,0,0,13,14,12,16,8
prefix2,241,2,21,21,21,21,21,21,current,14,0,0,18,19,17,21,11
prefix3,241,3,23,23,23,23,23,23,current,16,0,0,21,22,19,23,14
prefix5,241,5,27,27,27,27,27,27,current,19,0,0,24,25,23,27,20
prefix10,241,10,39,39,39,39,39,39,current,29,0,0,37,37,35,39,35
full,242,100,231,231,231,231,231,231,current,185,0,0,229,230,227,231,304
prefix1,242,1,15,15,15,15,15,15,current,9,0,0,12,13,11,15,7
prefix2,242,2,18,18,18,18,18,18,current,12,0,0,16,17,14,18,10
prefix3,242,3,21,21,21,21,21,21,current,14,0,0,18,19,17,21,13
prefix5,242,5,26,26,26,26,26,26,current,18,0,0,23,24,22,26,19
prefix10,242,10,35,35,35,35,35,35,current,26,0,0,33,34,32,35,34
full,243,67,180,180,180,180,180,180,current,144,0,0,178,179,177,180,208
prefix1,243,1,14,14,14,14,14,14,current,9,0,0,12,13,11,14,7
prefix2,243,2,19,19,19,19,19,19,current,13,0,0,17,18,16,19,10
prefix3,243,3,22,22,22,22,22,22,current,15,0,0,19,20,18,22,14
prefix5,243,5,25,25,25,25,25,25,current,18,0,0,23,24,22,25,20
prefix10,243,10,39,39,39,39,39,39,current,29,0,0,37,38,35,39,36
full,244,27,76,76,76,76,76,76,current,59,0,0,74,75,72,76,85
prefix1,244,1,14,14,14,14,14,14,current,9,0,0,12,13,11,14,7
prefix2,244,2,19,19,19,19,19,19,current,13,0,0,17,18,16,19,10
prefix3,244,3,22,22,22,22,22,22,current,15,0,0,19,21,18,22,13
prefix5,244,5,26,26,26,26,26,26,current,18,0,0,23,24,22,26,19
prefix10,244,10,38,38,38,38,38,38,current,28,0,0,35,36,34,38,34
full,245,6,34,34,34,34,34,34,current,25,0,0,32,33,30,34,24
prefix1,245,1,16,16,16,16,16,16,current,10,0,0,13,14,12,16,8
prefix2,245,2,21,21,21,21,21,21,current,14,0,0,18,19,17,21,11
prefix3,245,3,24,24,24,24,24,24,current,17,0,0,22,23,21,24,14
prefix5,245,5,32,32,32,32,32,32,current,23,0,0,29,30,28,32,21
full,246,14,63,63,63,63,63,63,current,48,0,0,60,61,59,63,56
prefix1,246,1,15,15,15,15,15,15,current,9,0,0,12,13,11,15,7
prefix2,246,2,20,20,20,20,20,20,current,14,0,0,18,19,17,20,12
prefix3,246,3,26,26,26,26,26,26,current,18,0,0,23,24,22,26,16
prefix5,246,5,33,33,33,33,33,33,current,24,0,0,30,32,29,33,25
prefix10,246,10,49,49,49,49,49,49,current,37,0,0,46,48,45,49,43
full,247,109,291,291,291,291,291,291,current,233,0,1,289,289,287,291,332
prefix1,247,1,16,16,16,16,16,16,current,10,0,0,13,14,12,16,8
prefix2,247,2,21,21,21,21,21,21,current,14,0,0,18,19,17,21,11
prefix3,247,3,23,23,23,23,23,23,current,16,0,0,21,22,19,23,14
prefix5,247,5,28,28,28,28,28,28,current,20,0,0,26,27,24,28,20
prefix10,247,10,41,41,41,41,41,41,current,31,0,0,39,40,38,41,35
full,248,121,268,268,268,268,268,268,current,215,0,0,265,267,264,268,368
prefix1,248,1,16,16,16,16,16,16,current,10,0,0,13,15,12,16,8
prefix2,248,2,20,20,20,20,20,20,current,14,0,0,18,19,17,20,11
prefix3,248,3,22,22,22,22,22,22,current,15,0,0,19,21,18,22,14
prefix5,248,5,27,27,27,27,27,27,current,19,0,0,24,26,23,27,20
prefix10,248,10,35,35,35,35,35,35,current,26,0,0,33,34,32,35,35
full,249,32,91,91,91,91,91,91,current,71,0,0,88,89,87,91,100
prefix1,249,1,14,14,14,14,14,14,current,9,0,0,12,13,11,14,7
prefix2,249,2,19,19,19,19,19,19,current,13,0,0,17,18,16,19,10
prefix3,249,3,22,22,22,22,22,22,current,15,0,0,19,21,18,22,13
prefix5,249,5,27,27,27,27,27,27,current,19,0,0,24,25,23,27,19
prefix10,249,10,38,38,38,38,38,38,current,28,0,0,35,36,34,38,34
full,250,158,431,431,431,431,431,431,current,347,0,1,429,429,427,431,480
prefix1,250,1,16,16,16,16,16,16,current,10,0,0,13,15,12,16,8
prefix2,250,2,21,21,21,21,21,21,current,14,0,0,18,19,17,21,11
prefix3,250,3,22,22,22,22,22,22,current,15,0,0,19,21,18,22,14
prefix5,250,5,27,27,27,27,27,27,current,19,0,0,24,26,23,27,20
prefix10,250,10,39,39,39,39,39,39,current,29,0,0,37,38,35,39,35
full,251,11,48,48,48,48,48,48,current,36,0,0,45,46,44,48,38
prefix1,251,1,16,16,16,16,16,16,current,10,0,0,13,15,12,16,8
prefix2,251,2,22,22,22,22,22,22,current,15,0,0,19,21,18,22,11
prefix3,251,3,24,24,24,24,24,24,current,17,0,0,22,23,21,24,14
prefix5,251,5,31,31,31,31,31,31,current,22,0,0,28,29,27,31,20
prefix10,251,10,45,45,45,45,45,45,current,34,0,0,43,44,42,45,35
full,252,162,435,435,435,435,435,435,current,350,0,1,432,433,430,435,492
prefix1,252,1,16,16,16,16,16,16,current,10,0,0,13,14,12,16,8
prefix2,252,2,21,21,21,21,21,21,current,14,0,0,18,19,17,21,11
prefix3,252,3,22,22,22,22,22,22,current,15,0,0,19,21,18,22,14
prefix5,252,5,28,28,28,28,28,28,current,20,0,0,26,27,24,28,20
prefix10,252,10,40,40,40,40,40,40,current,30,0,0,38,39,37,40,35
full,253,155,429,429,429,429,429,429,current,346,0,0,427,428,425,429,471
prefix1,253,1,16,16,16,16,16,16,current,10,0,0,13,14,12,16,8
prefix2,253,2,20,20,20,20,20,20,current,14,0,0,18,19,17,20,11
prefix3,253,3,22,22,22,22,22,22,current,15,0,0,19,21,18,22,14
prefix5,253,5,27,27,27,27,27,27,current,19,0,0,24,26,23,27,20
prefix10,253,10,40,40,40,40,40,40,current,30,0,0,38,39,37,40,35
full,254,142,383,383,383,383,383,383,current,309,0,0,381,382,380,383,432
prefix1,254,1,16,16,16,16,16,16,current,10,0,0,13,14,12,16,8
prefix2,254,2,21,21,21,21,21,21,current,14,0,0,18,19,17,21,11
prefix3,254,3,23,23,23,23,23,23,current,16,0,0,21,22,19,23,14
prefix5,254,5,28,28,28,28,28,28,current,20,0,0,26,27,24,28,20
prefix10,254,10,40,40,40,40,40,40,current,30,0,0,38,39,36,40,35
full,255,140,394,394,394,394,394,394,current,317,0,0,391,393,391,394,426
prefix1,255,1,16,16,16,16,16,16,current,10,0,0,13,14,12,16,8
prefix2,255,2,19,19,19,19,19,19,current,13,0,0,17,18,16,19,11
prefix3,255,3,22,22,22,22,22,22,current,15,0,0,19,21,18,22,14
prefix5,255,5,28,28,28,28,28,28,current,20,0,0,25,27,24,28,20
prefix10,255,10,38,38,38,38,38,38,current,28,0,0,35,37,34,38,35
full,256,157,422,422,422,422,422,422,current,340,0,1,420,420,418,422,476
prefix1,256,1,14,14,14,14,14,14,current,9,0,0,12,13,11,14,7
prefix2,256,2,19,19,19,19,19,19,current,13,0,0,17,18,16,19,10
prefix3,256,3,21,21,21,21,21,21,current,14,0,0,18,19,17,21,13
prefix5,256,5,27,27,27,27,27,27,current,19,0,0,24,25,23,27,19
prefix10,256,10,39,39,39,39,39,39,current,29,0,0,37,38,35,39,34
full,257,69,155,155,155,155,155,155,current,123,0,0,152,153,151,155,211
prefix1,257,1,14,14,14,14,14,14,current,9,0,0,12,13,11,14,7
prefix2,257,2,18,18,18,18,18,18,current,12,0,0,16,17,14,18,10
prefix3,257,3,19,19,19,19,19,19,current,13,0,0,17,18,16,19,13
prefix5,257,5,24,24,24,24,24,24,current,17,0,0,22,23,20,24,19
prefix10,257,10,35,35,35,35,35,35,current,26,0,0,33,34,32,35,34
full,258,51,129,129,129,129,129,129,current,102,0,0,126,127,125,129,158
prefix1,258,1,16,16,16,16,16,16,current,10,0,0,13,14,12,16,8
prefix2,258,2,19,19,19,19,19,19,current,13,0,0,17,18,15,19,11
prefix3,258,3,23,23,23,23,23,23,current,16,0,0,20,22,19,23,14
prefix5,258,5,27,27,27,27,27,27,current,19,0,0,24,25,23,27,20
prefix10,258,10,36,36,36,36,36,36,current,27,0,0,34,35,33,36,35
full,259,47,117,117,117,117,117,117,current,92,0,0,114,115,113,117,145
prefix1,259,1,14,14,14,14,14,14,current,9,0,0,12,13,11,14,7
prefix2,259,2,18,18,18,18,18,18,current,12,0,0,16,17,14,18,10
prefix3,259,3,21,21,21,21,21,21,current,14,0,0,18,19,17,21,13
prefix5,259,5,24,24,24,24,24,24,current,17,0,0,22,23,21,24,19
prefix10,259,10,35,35,35,35,35,35,current,26,0,0,33,34,32,35,34
full,260,106,372,372,372,372,372,372,current,300,0,0,370,372,370,372,362
prefix1,260,1,16,16,16,16,16,16,current,10,0,0,13,14,12,16,8
prefix2,260,2,21,21,21,21,21,21,current,14,0,0,18,19,17,21,11
prefix3,260,3,24,24,24,24,24,24,current,17,0,0,22,23,21,24,14
prefix5,260,5,30,30,30,30,30,30,current,22,0,0,28,29,27,30,21
prefix10,260,10,47,47,47,47,47,47,current,35,0,1,45,45,43,47,39
full,261,106,372,372,372,372,372,372,current,300,0,0,370,372,370,372,362
prefix1,261,1,16,16,16,16,16,16,current,10,0,0,13,14,12,16,8
prefix2,261,2,21,21,21,21,21,21,current,14,0,0,18,19,17,21,11
prefix3,261,3,24,24,24,24,24,24,current,17,0,0,22,23,21,24,14
prefix5,261,5,30,30,30,30,30,30,current,22,0,0,28,29,27,30,21
prefix10,261,10,47,47,47,47,47,47,current,35,0,1,45,45,43,47,39
full,262,11,54,54,54,54,54,54,current,41,0,0,51,52,50,54,44
prefix1,262,1,14,14,14,14,14,14,current,9,0,0,12,13,11,14,7
prefix2,262,2,21,21,21,21,21,21,current,14,0,0,18,19,17,21,11
prefix3,262,3,23,23,23,23,23,23,current,16,0,0,21,22,19,23,14
prefix5,262,5,32,32,32,32,32,32,current,23,0,0,29,30,28,32,22
prefix10,262,10,50,50,50,50,50,50,current,38,0,0,48,49,46,50,40
full,263,79,259,259,259,259,259,259,current,208,0,0,257,258,255,259,242
prefix1,263,1,16,16,16,16,16,16,current,10,0,0,13,14,12,16,8
prefix2,263,2,21,21,21,21,21,21,current,14,0,0,18,19,17,21,11
prefix3,263,3,23,23,23,23,23,23,current,16,0,0,21,22,19,23,14
prefix5,263,5,29,29,29,29,29,29,current,21,0,0,27,28,25,29,20
prefix10,263,10,45,45,45,45,45,45,current,34,0,0,43,44,41,45,35
full,264,94,299,299,299,299,299,299,current,240,0,0,296,298,296,299,287
prefix1,264,1,16,16,16,16,16,16,current,10,0,0,13,14,12,16,8
prefix2,264,2,21,21,21,21,21,21,current,14,0,0,18,19,17,21,11
prefix3,264,3,23,23,23,23,23,23,current,16,0,0,21,22,19,23,14
prefix5,264,5,29,29,29,29,29,29,current,21,0,0,27,28,25,29,20
prefix10,264,10,45,45,45,45,45,45,current,34,0,0,43,44,41,45,35
full,265,94,299,299,299,299,299,299,current,240,0,0,296,298,296,299,287
prefix1,265,1,16,16,16,16,16,16,current,10,0,0,13,14,12,16,8
prefix2,265,2,21,21,21,21,21,21,current,14,0,0,18,19,17,21,11
prefix3,265,3,23,23,23,23,23,23,current,16,0,0,21,22,19,23,14
prefix5,265,5,29,29,29,29,29,29,current,21,0,0,27,28,25,29,20
prefix10,265,10,45,45,45,45,45,45,current,34,0,0,43,44,41,45,35
full,266,50,172,172,172,172,172,172,current,137,0,0,170,171,168,172,173
prefix1,266,1,15,15,15,15,15,15,current,9,0,0,12,13,11,15,7
prefix2,266,2,21,21,21,21,21,21,current,14,0,0,18,19,17,21,11
prefix3,266,3,23,23,23,23,23,23,current,16,0,0,21,22,19,23,15
prefix5,266,5,29,29,29,29,29,29,current,21,0,0,27,28,25,29,21
prefix10,266,10,45,45,45,45,45,45,current,34,0,0,43,44,41,45,39
full,267,39,97,97,97,97,97,97,current,76,0,0,94,96,93,97,121
prefix1,267,1,14,14,14,14,14,14,current,9,0,0,12,13,11,14,7
prefix2,267,2,18,18,18,18,18,18,current,12,0,0,16,17,14,18,10
prefix3,267,3,21,21,21,21,21,21,current,14,0,0,18,19,17,21,13
prefix5,267,5,26,26,26,26,26,26,current,18,0,0,23,24,22,26,19
prefix10,267,10,37,37,37,37,37,37,current,27,0,0,34,35,33,37,34
full,268,11,48,48,48,48,48,48,current,36,0,0,45,46,44,48,39
prefix1,268,1,16,16,16,16,16,16,current,10,0,0,13,14,12,16,8
prefix2,268,2,21,21,21,21,21,21,current,14,0,0,18,19,17,21,11
prefix3,268,3,23,23,23,23,23,23,current,16,0,0,21,22,19,23,14
prefix5,268,5,30,30,30,30,30,30,current,22,0,0,28,29,27,30,20
prefix10,268,10,45,45,45,45,45,45,current,34,0,0,43,44,41,45,36
full,269,190,689,689,689,689,689,689,current,557,0,1,687,688,685,689,774
prefix1,269,1,15,15,15,15,15,15,current,9,0,0,12,13,11,15,7
prefix2,269,2,19,19,19,19,19,19,current,13,0,0,17,18,16,19,10
prefix3,269,3,24,24,24,24,24,24,current,17,0,0,22,23,20,24,14
prefix5,269,5,32,32,32,32,32,32,current,23,0,0,29,30,28,32,22
prefix10,269,10,49,49,49,49,49,49,current,37,0,0,46,48,45,49,44
full,270,28,104,104,104,104,104,104,current,82,0,0,102,103,101,104,101
prefix1,270,1,16,16,16,16,16,16,current,10,0,0,13,14,12,16,8
prefix2,270,2,21,21,21,21,21,21,current,14,0,0,18,19,17,21,11
prefix3,270,3,24,24,24,24,24,24,current,17,0,0,22,23,21,24,14
prefix5,270,5,30,30,30,30,30,30,current,22,0,0,28,29,27,30,20
prefix10,270,10,46,46,46,46,46,46,current,35,0,0,44,45,43,46,37
full,271,28,104,104,104,104,104,104,current,82,0,0,102,103,101,104,101
prefix1,271,1,16,16,16,16,16,16,current,10,0,0,13,14,12,16,8
prefix2,271,2,21,21,21,21,21,21,current,14,0,0,18,19,17,21,11
prefix3,271,3,24,24,24,24,24,24,current,17,0,0,22,23,21,24,14
prefix5,271,5,30,30,30,30,30,30,current,22,0,0,28,29,27,30,20
prefix10,271,10,46,46,46,46,46,46,current,35,0,0,44,45,43,46,37
full,272,3,22,22,22,22,22,22,current,15,0,0,19,21,18,22,13
prefix1,272,1,15,15,15,15,15,15,current,9,0,0,12,13,11,15,7
prefix2,272,2,19,19,19,19,19,19,current,13,0,0,17,18,16,19,10
prefix3,272,3,22,22,22,22,22,22,current,15,0,0,19,21,18,22,13
full,273,40,120,120,120,120,120,120,current,94,0,1,117,117,115,120,125
prefix1,273,1,16,16,16,16,16,16,current,10,0,0,13,15,12,16,8
prefix2,273,2,19,19,19,19,19,19,current,13,0,0,17,18,16,19,11
prefix3,273,3,22,22,22,22,22,22,current,15,0,0,19,21,18,22,14
prefix5,273,5,29,29,29,29,29,29,current,21,0,0,27,28,26,29,20
prefix10,273,10,42,42,42,42,42,42,current,31,0,0,39,40,38,42,35
full,274,37,118,118,118,118,118,118,current,93,0,0,115,117,114,118,115
prefix1,274,1,15,15,15,15,15,15,current,9,0,0,12,13,11,15,7
prefix2,274,2,18,18,18,18,18,18,current,12,0,0,16,17,14,18,10
prefix3,274,3,22,22,22,22,22,22,current,15,0,0,19,21,18,22,13
prefix5,274,5,28,28,28,28,28,28,current,20,0,0,26,27,24,28,19
prefix10,274,10,42,42,42,42,42,42,current,31,0,0,39,40,38,42,34
full,275,21,74,74,74,74,74,74,current,57,0,0,71,72,70,74,67
prefix1,275,1,15,15,15,15,15,15,current,9,0,0,12,13,11,15,7
prefix2,275,2,19,19,19,19,19,19,current,13,0,0,17,18,16,19,10
prefix3,275,3,22,22,22,22,22,22,current,15,0,0,19,21,18,22,13
prefix5,275,5,27,27,27,27,27,27,current,19,0,0,24,26,23,27,19
prefix10,275,10,41,41,41,41,41,41,current,31,0,0,39,40,38,41,34
full,276,13,49,49,49,49,49,49,current,37,0,0,46,48,45,49,43
prefix1,276,1,15,15,15,15,15,15,current,9,0,0,12,13,11,15,7
prefix2,276,2,19,19,19,19,19,19,current,13,0,0,17,18,16,19,10
prefix3,276,3,22,22,22,22,22,22,current,15,0,0,19,21,18,22,13
prefix5,276,5,27,27,27,27,27,27,current,19,0,0,24,26,23,27,19
prefix10,276,10,40,40,40,40,40,40,current,30,0,0,38,39,37,40,34
full,277,32,102,102,102,102,102,102,current,80,0,0,99,100,98,102,100
prefix1,277,1,14,14,14,14,14,14,current,9,0,0,12,13,10,14,7
prefix2,277,2,19,19,19,19,19,19,current,13,0,0,17,18,15,19,10
prefix3,277,3,22,22,22,22,22,22,current,15,0,0,19,20,18,22,13
prefix5,277,5,27,27,27,27,27,27,current,19,0,0,24,25,23,27,19
prefix10,277,10,39,39,39,39,39,39,current,29,0,0,37,38,35,39,34
full,278,11,46,46,46,46,46,46,current,35,0,0,44,45,42,46,38
prefix1,278,1,16,16,16,16,16,16,current,10,0,0,13,14,12,16,8
prefix2,278,2,21,21,21,21,21,21,current,14,0,0,18,19,17,21,11
prefix3,278,3,23,23,23,23,23,23,current,16,0,0,21,22,19,23,14
prefix5,278,5,29,29,29,29,29,29,current,21,0,0,27,28,25,29,20
prefix10,278,10,43,43,43,43,43,43,current,32,0,0,40,41,39,43,35
full,279,21,72,72,72,72,72,72,current,56,0,0,70,70,68,72,67
prefix1,279,1,14,14,14,14,14,14,current,9,0,0,12,13,10,14,7
prefix2,279,2,19,19,19,19,19,19,current,13,0,0,17,18,15,19,10
prefix3,279,3,22,22,22,22,22,22,current,15,0,0,19,20,18,22,13
prefix5,279,5,28,28,28,28,28,28,current,20,0,0,25,26,24,28,19
prefix10,279,10,42,42,42,42,42,42,current,31,0,0,39,40,38,42,34
full,280,11,48,48,48,48,48,48,current,36,0,0,45,46,44,48,41
prefix1,280,1,14,14,14,14,14,14,current,9,0,0,12,13,10,14,7
prefix2,280,2,19,19,19,19,19,19,current,13,0,0,17,18,15,19,10
prefix3,280,3,23,23,23,23,23,23,current,16,0,0,21,22,19,23,14
prefix5,280,5,28,28,28,28,28,28,current,20,0,0,26,26,24,28,20
prefix10,280,10,44,44,44,44,44,44,current,33,0,0,42,42,40,44,37
full,281,50,151,151,151,151,151,151,current,120,0,0,148,149,147,151,154
prefix1,281,1,14,14,14,14,14,14,current,9,0,0,12,13,10,14,7
prefix2,281,2,18,18,18,18,18,18,current,12,0,0,16,17,14,18,10
prefix3,281,3,21,21,21,21,21,21,current,14,0,0,18,19,17,21,13
prefix5,281,5,27,27,27,27,27,27,current,19,0,0,24,25,23,27,19
prefix10,281,10,42,42,42,42,42,42,current,31,0,0,39,40,38,42,34
full,282,11,48,48,48,48,48,48,current,36,0,0,45,46,44,48,41
prefix1,282,1,14,14,14,14,14,14,current,9,0,0,12,13,10,14,7
prefix2,282,2,19,19,19,19,19,19,current,13,0,0,17,18,15,19,10
prefix3,282,3,23,23,23,23,23,23,current,16,0,0,21,22,19,23,14
prefix5,282,5,28,28,28,28,28,28,current,20,0,0,26,27,24,28,20
prefix10,282,10,45,45,45,45,45,45,current,34,0,0,43,44,41,45,38
full,283,11,48,48,48,48,48,48,current,36,0,0,45,46,44,48,41
prefix1,283,1,14,14,14,14,14,14,current,9,0,0,12,13,11,14,7
prefix2,283,2,19,19,19,19,19,19,current,13,0,0,17,18,16,19,10
prefix3,283,3,23,23,23,23,23,23,current,16,0,0,21,22,19,23,14
prefix5,283,5,28,28,28,28,28,28,current,20,0,0,26,27,24,28,20
prefix10,283,10,45,45,45,45,45,45,current,34,0,0,42,44,42,45,38
full,284,19,70,70,70,70,70,70,current,54,0,0,67,69,66,70,62
prefix1,284,1,16,16,16,16,16,16,current,10,0,0,13,15,12,16,8
prefix2,284,2,21,21,21,21,21,21,current,14,0,0,18,19,17,21,11
prefix3,284,3,23,23,23,23,23,23,current,16,0,0,21,22,19,23,14
prefix5,284,5,29,29,29,29,29,29,current,21,0,0,27,28,26,29,20
prefix10,284,10,43,43,43,43,43,43,current,32,0,0,40,42,39,43,35
full,285,18,69,69,69,69,69,69,current,53,0,0,66,67,65,69,59
prefix1,285,1,16,16,16,16,16,16,current,10,0,0,13,15,12,16,8
prefix2,285,2,21,21,21,21,21,21,current,14,0,0,18,19,17,21,11
prefix3,285,3,23,23,23,23,23,23,current,16,0,0,21,22,19,23,14
prefix5,285,5,29,29,29,29,29,29,current,21,0,0,27,28,26,29,20
prefix10,285,10,43,43,43,43,43,43,current,32,0,0,40,42,39,43,35
full,286,7,39,39,39,39,39,39,current,29,0,0,36,38,35,39,30
prefix1,286,1,16,16,16,16,16,16,current,10,0,0,13,15,12,16,8
prefix2,286,2,22,22,22,22,22,22,current,15,0,0,19,21,18,22,11
prefix3,286,3,25,25,25,25,25,25,current,18,0,0,23,25,23,25,15
prefix5,286,5,33,33,33,33,33,33,current,24,0,0,30,32,29,33,23
full,287,7,38,38,38,38,38,38,current,28,0,0,35,37,34,38,27
prefix1,287,1,15,15,15,15,15,15,current,10,0,0,13,14,12,15,8
prefix2,287,2,20,20,20,20,20,20,current,14,0,0,18,19,17,20,11
prefix3,287,3,24,24,24,24,24,24,current,17,0,0,22,23,21,24,14
prefix5,287,5,31,31,31,31,31,31,current,23,0,0,29,30,28,31,21
full,288,14,60,60,60,60,60,60,current,46,0,0,58,59,56,60,50
prefix1,288,1,16,16,16,16,16,16,current,10,0,0,13,14,12,16,8
prefix2,288,2,21,21,21,21,21,21,current,14,0,0,18,19,17,21,11
prefix3,288,3,24,24,24,24,24,24,current,17,0,0,22,23,21,24,14
prefix5,288,5,29,29,29,29,29,29,current,21,0,0,27,28,26,29,20
prefix10,288,10,45,45,45,45,45,45,current,34,0,0,43,44,42,45,37
full,289,32,104,104,104,104,104,104,current,82,0,0,102,103,100,104,100
prefix1,289,1,14,14,14,14,14,14,current,9,0,0,12,13,10,14,7
prefix2,289,2,19,19,19,19,19,19,current,13,0,0,17,18,15,19,10
prefix3,289,3,22,22,22,22,22,22,current,15,0,0,19,20,18,22,13
prefix5,289,5,28,28,28,28,28,28,current,20,0,0,25,26,24,28,19
prefix10,289,10,40,40,40,40,40,40,current,30,0,0,38,39,36,40,34
full,290,31,102,102,102,102,102,102,current,80,0,0,99,100,97,102,97
prefix1,290,1,14,14,14,14,14,14,current,9,0,0,12,13,10,14,7
prefix2,290,2,19,19,19,19,19,19,current,13,0,0,17,18,15,19,10
prefix3,290,3,22,22,22,22,22,22,current,15,0,0,19,20,18,22,13
prefix5,290,5,28,28,28,28,28,28,current,20,0,0,25,26,24,28,19
prefix10,290,10,41,41,41,41,41,41,current,31,0,0,39,40,37,41,34
full,291,29,107,107,107,107,107,107,current,84,0,0,104,106,103,107,100
prefix1,291,1,14,14,14,14,14,14,current,9,0,0,12,13,11,14,7
prefix2,291,2,21,21,21,21,21,21,current,14,0,0,18,19,17,21,11
prefix3,291,3,23,23,23,23,23,23,current,16,0,0,21,22,19,23,14
prefix5,291,5,28,28,28,28,28,28,current,20,0,0,26,27,24,28,20
prefix10,291,10,45,45,45,45,45,45,current,34,0,0,43,44,42,45,37
full,292,36,118,118,118,118,118,118,current,93,0,0,115,116,114,118,113
prefix1,292,1,14,14,14,14,14,14,current,9,0,0,12,13,10,14,7
prefix2,292,2,19,19,19,19,19,19,current,13,0,0,17,18,15,19,10
prefix3,292,3,22,22,22,22,22,22,current,15,0,0,19,20,18,22,13
prefix5,292,5,27,27,27,27,27,27,current,19,0,0,24,25,23,27,19
prefix10,292,10,42,42,42,42,42,42,current,31,0,0,39,40,38,42,34
full,293,13,50,50,50,50,50,50,current,38,0,0,48,49,46,50,44
prefix1,293,1,16,16,16,16,16,16,current,10,0,0,13,14,12,16,8
prefix2,293,2,21,21,21,21,21,21,current,14,0,0,18,19,17,21,11
prefix3,293,3,23,23,23,23,23,23,current,16,0,0,21,22,19,23,14
prefix5,293,5,29,29,29,29,29,29,current,21,0,0,27,28,25,29,20
prefix10,293,10,42,42,42,42,42,42,current,31,0,0,39,40,38,42,35
full,294,29,92,92,92,92,92,92,current,72,0,0,89,90,88,92,94
prefix1,294,1,15,15,15,15,15,15,current,9,0,0,12,13,10,15,7
prefix2,294,2,19,19,19,19,19,19,current,13,0,0,17,18,15,19,11
prefix3,294,3,22,22,22,22,22,22,current,15,0,0,19,20,18,22,14
prefix5,294,5,27,27,27,27,27,27,current,19,0,0,24,25,23,27,21
prefix10,294,10,40,40,40,40,40,40,current,30,0,0,38,39,36,40,36
full,295,43,169,169,169,169,169,169,current,135,0,0,166,167,165,169,173
prefix1,295,1,14,14,14,14,14,14,current,9,0,0,12,13,10,14,7
prefix2,295,2,19,19,19,19,19,19,current,13,0,0,17,18,15,19,10
prefix3,295,3,23,23,23,23,23,23,current,16,0,0,20,22,19,23,14
prefix5,295,5,28,28,28,28,28,28,current,20,0,0,25,26,24,28,20
prefix10,295,10,50,50,50,50,50,50,current,38,0,0,48,48,46,50,41
full,296,39,109,109,109,109,109,109,current,86,0,0,107,108,105,109,122
prefix1,296,1,14,14,14,14,14,14,current,9,0,0,12,13,11,14,7
prefix2,296,2,19,19,19,19,19,19,current,13,0,0,17,18,16,19,10
prefix3,296,3,22,22,22,22,22,22,current,15,0,0,19,21,18,22,13
prefix5,296,5,27,27,27,27,27,27,current,19,0,0,24,26,23,27,20
prefix10,296,10,39,39,39,39,39,39,current,29,0,0,37,38,35,39,35
full,297,34,101,101,101,101,101,101,current,79,0,0,98,99,97,101,106
prefix1,297,1,15,15,15,15,15,15,current,9,0,0,12,13,11,15,7
prefix2,297,2,19,19,19,19,19,19,current,13,0,0,17,18,16,19,10
prefix3,297,3,22,22,22,22,22,22,current,15,0,0,19,21,18,22,13
prefix5,297,5,27,27,27,27,27,27,current,19,0,0,24,26,23,27,19
prefix10,297,10,39,39,39,39,39,39,current,29,0,0,36,38,35,39,34
full,298,17,63,63,63,63,63,63,current,48,0,0,60,61,58,63,56
prefix1,298,1,15,15,15,15,15,15,current,9,0,0,12,13,10,15,7
prefix2,298,2,19,19,19,19,19,19,current,13,0,0,17,18,15,19,10
prefix3,298,3,22,22,22,22,22,22,current,15,0,0,19,20,18,22,13
prefix5,298,5,26,26,26,26,26,26,current,18,0,0,23,24,22,26,19
prefix10,298,10,40,40,40,40,40,40,current,30,0,0,38,39,36,40,34
full,299,41,162,162,162,162,162,162,current,130,0,0,160,161,159,162,163
prefix1,299,1,14,14,14,14,14,14,current,9,0,0,12,13,10,14,7
prefix2,299,2,19,19,19,19,19,19,current,13,0,0,17,18,15,19,10
prefix3,299,3,23,23,23,23,23,23,current,16,0,0,20,22,19,23,14
prefix5,299,5,28,28,28,28,28,28,current,20,0,0,25,26,24,28,20
prefix10,299,10,50,50,50,50,50,50,current,38,0,0,48,48,46,50,41
full,300,23,81,81,81,81,81,81,current,63,0,0,78,80,77,81,75
prefix1,300,1,14,14,14,14,14,14,current,9,0,0,12,13,11,14,7
prefix2,300,2,19,19,19,19,19,19,current,13,0,0,17,18,16,19,10
prefix3,300,3,22,22,22,22,22,22,current,15,0,0,19,21,18,22,13
prefix5,300,5,28,28,28,28,28,28,current,20,0,0,26,27,24,28,19
prefix10,300,10,43,43,43,43,43,43,current,32,0,0,40,42,39,43,34
full,301,48,158,158,158,158,158,158,current,126,0,0,155,157,155,158,154
prefix1,301,1,15,15,15,15,15,15,current,9,0,0,12,13,11,15,7
prefix2,301,2,19,19,19,19,19,19,current,13,0,0,17,18,16,19,11
prefix3,301,3,23,23,23,23,23,23,current,16,0,0,21,22,19,23,14
prefix5,301,5,30,30,30,30,30,30,current,22,0,0,28,29,27,30,21
prefix10,301,10,44,44,44,44,44,44,current,33,0,0,42,43,40,44,36
zeros,0,0,8,8,8,8,8,8,current,4,0,0,6,7,5,8,2
line,0,0,8,8,8,8,8,8,current,4,0,0,6,7,5,8,2
zeros,1,1,12,12,12,12,12,12,current,7,0,0,9,10,8,12,5
line,1,1,13,13,13,13,13,13,current,8,0,0,10,12,9,13,6
zeros,2,2,13,13,13,13,13,13,current,8,1,0,11,12,9,13,8
line,2,2,17,17,17,17,17,17,current,11,0,0,14,15,13,17,9
zeros,3,3,13,13,13,13,13,13,current,8,1,0,11,12,9,13,11
line,3,3,18,18,18,18,18,18,current,12,0,0,15,17,14,18,12
zeros,5,5,13,13,13,13,13,13,current,8,1,0,11,12,9,13,17
line,5,5,19,19,19,19,19,19,current,13,0,0,17,18,15,19,18
zeros,10,10,13,13,13,13,13,13,current,8,1,0,11,12,9,13,32
line,10,10,19,19,19,19,19,19,current,13,1,0,17,18,16,19,33
